Date,Time,Open,High,Low,Close,Volume,Openint
2025-05-19,15:15:00,4.4384,4.4857,4.4384,4.4713,105825.35994
2025-05-19,15:30:00,4.4713,4.48505,4.45835,4.48505,153157.9479666
2025-05-19,15:45:00,4.48365,4.53055,4.47495,4.52305,205193.27204
2025-05-19,16:00:00,4.52235,4.5505,4.51605,4.5403,138849.414568
2025-05-19,16:15:00,4.5408,4.54125,4.51075,4.5292,101395.55350886
2025-05-19,16:30:00,4.5295,4.54875,4.5202,4.5315,52228.716984
2025-05-19,16:45:00,4.5315,4.55396,4.523,4.54925,87413.4843657
2025-05-19,17:00:00,4.55056,4.5641,4.5428,4.564,96772.271328
2025-05-19,17:15:00,4.566,4.5836,4.5578,4.5738,84743.579919
2025-05-19,17:30:00,4.5695,4.57816,4.5388,4.5467,83411.8487934
2025-05-19,17:45:00,4.5459,4.5728,4.5412,4.5698,81241.355337
2025-05-19,18:00:00,4.5693,4.58046,4.552,4.55816,177675.40636609
2025-05-19,18:15:00,4.55816,4.5639,4.52375,4.52605,205685.813521
2025-05-19,18:30:00,4.52605,4.568,4.52305,4.5541,143346.4913674
2025-05-19,18:45:00,4.5541,4.5765,4.54595,4.55326,150798.930823
2025-05-19,19:00:00,4.552,4.60716,4.552,4.60506,129430.884024
2025-05-19,19:15:00,4.60506,4.6521,4.60506,4.6294,191294.58051
2025-05-19,19:30:00,4.6316,4.6316,4.6034,4.6259,78721.74029
2025-05-19,19:45:00,4.6259,4.63046,4.60296,4.6032,92955.532752
2025-05-19,20:00:00,4.6016,4.6109,4.5972,4.6056,53275.7407757
2025-05-19,20:15:00,4.6056,4.6166,4.59476,4.61346,49997.601402274
2025-05-19,20:30:00,4.61266,4.61266,4.5654,4.5715,55651.818996
2025-05-19,20:45:00,4.5715,4.5835,4.5439,4.5835,122664.03109
2025-05-19,21:00:00,4.5835,4.5871,4.56706,4.5687,45069.2922266
2025-05-19,21:15:00,4.5673,4.57226,4.5535,4.57226,99570.36038
2025-05-19,21:30:00,4.56726,4.58326,4.5605,4.58326,77840.945428
2025-05-19,21:45:00,4.58106,4.60826,4.56856,4.60826,131792.8902716
2025-05-19,22:00:00,4.60826,4.60826,4.5882,4.6001,44901.268162
2025-05-19,22:15:00,4.5987,4.61316,4.59,4.60806,164711.12620727
2025-05-19,22:30:00,4.60746,4.60806,4.5879,4.5978,41583.8688731
2025-05-19,22:45:00,4.5978,4.61396,4.58656,4.5945,53619.974448
2025-05-19,23:00:00,4.59516,4.59876,4.5885,4.59546,53691.8831823
2025-05-19,23:15:00,4.5938,4.6005,4.5839,4.58876,79251.544361
2025-05-19,23:30:00,4.58876,4.5907,4.57796,4.58126,51872.22541795
2025-05-19,23:45:00,4.57976,4.5845,4.559,4.5834,126791.86723646
2025-05-19,23:59:00,4.5834,4.59706,4.5834,4.5929,98299.94716735
2025-05-20,00:15:00,4.59556,4.59936,4.57886,4.58216,143914.830489
2025-05-20,00:30:00,4.58446,4.58806,4.5715,4.57866,92860.009057095
2025-05-20,00:45:00,4.57786,4.57786,4.5646,4.5721,50277.099835
2025-05-20,01:00:00,4.5745,4.57926,4.56796,4.57926,25065.087098365
2025-05-20,01:15:00,4.57926,4.58026,4.56746,4.57936,35789.99145
2025-05-20,01:30:00,4.58076,4.58346,4.57496,4.58136,54930.2536592
2025-05-20,01:45:00,4.5797,4.5797,4.5672,4.57456,46681.006052346
2025-05-20,02:00:00,4.5741,4.57456,4.5741,4.57456,20708.050742
2025-05-20,02:15:00,4.57456,4.61596,4.57456,4.61596,71570.7519428
2025-05-20,02:30:00,4.61596,4.64916,4.61006,4.61056,102413.650894
2025-05-20,02:45:00,4.61056,4.6192,4.5943,4.60436,67202.714695535
2025-05-20,03:00:00,4.60436,4.60436,4.5781,4.5804,140603.971734
2025-05-20,03:15:00,4.5804,4.60736,4.5755,4.60336,71938.175296
2025-05-20,03:30:00,4.60336,4.61886,4.5915,4.6138,75228.4916168
2025-05-20,03:45:00,4.6246,4.65197,4.61296,4.65087,132171.184041
2025-05-20,04:00:00,4.65087,4.65457,4.6281,4.65357,120806.82671769
2025-05-20,04:15:00,4.65637,4.6787,4.6475,4.6754,108456.957201
2025-05-20,04:30:00,4.6756,4.72687,4.6756,4.72687,291110.469496
2025-05-20,04:45:00,4.72507,4.72507,4.6938,4.6999,98398.625293
2025-05-20,05:00:00,4.6985,4.7114,4.6784,4.68357,73419.607873011
2025-05-20,05:15:00,4.68357,4.6925,4.67277,4.68257,80127.002374
2025-05-20,05:30:00,4.68257,4.68397,4.6619,4.6722,66382.617512
2025-05-20,05:45:00,4.6722,4.67857,4.6354,4.6461,160747.998774
2025-05-20,06:00:00,4.6453,4.64686,4.6312,4.6386,47900.865207
2025-05-20,06:15:00,4.6388,4.65497,4.6315,4.6335,72465.9250258
2025-05-20,06:30:00,4.6335,4.63386,4.62116,4.6317,76768.874409
2025-05-20,06:45:00,4.63077,4.64327,4.6207,4.63067,45179.9908595
2025-05-20,07:00:00,4.63067,4.6651,4.63067,4.6649,48868.8875783
2025-05-20,07:15:00,4.66397,4.67257,4.65467,4.67257,61639.129377469
2025-05-20,07:30:00,4.67257,4.68466,4.67097,4.67257,30481.490893
2025-05-20,07:45:00,4.67157,4.6835,4.65747,4.6615,35496.732613
2025-05-20,08:00:00,4.6592,4.6666,4.65007,4.6531,18800.920944217
2025-05-20,08:15:00,4.6531,4.6675,4.63006,4.63107,91188.514764
2025-05-20,08:30:00,4.63107,4.64226,4.62136,4.62996,114072.92093722
2025-05-20,08:45:00,4.62996,4.63826,4.61504,4.62684,152495.359302
2025-05-20,09:00:00,4.63004,4.64316,4.62174,4.64006,47158.679874
2025-05-20,09:15:00,4.64006,4.64026,4.59174,4.62136,169858.378251
2025-05-20,09:30:00,4.62136,4.63326,4.61206,4.61304,112358.804942
2025-05-20,09:45:00,4.61304,4.62336,4.59004,4.59556,58109.237287
2025-05-20,10:00:00,4.59556,4.59696,4.57834,4.59496,87665.0990448
2025-05-20,10:15:00,4.59306,4.60994,4.58974,4.59886,42250.06493798
2025-05-20,10:30:00,4.59886,4.59886,4.56284,4.57176,80808.181716
2025-05-20,10:45:00,4.57176,4.58096,4.55834,4.57396,65539.060004
2025-05-20,11:00:00,4.57296,4.59176,4.57296,4.58596,35442.833812508
2025-05-20,11:15:00,4.58556,4.59954,4.57844,4.59804,94579.596503615
2025-05-20,11:30:00,4.59842,4.60042,4.56584,4.56584,65814.7397918
2025-05-20,11:45:00,4.56474,4.58266,4.56464,4.58266,57849.98835624
2025-05-20,12:00:00,4.58526,4.58566,4.57054,4.57644,19530.687945
2025-05-20,12:15:00,4.57644,4.57686,4.55444,4.56944,94269.250575
2025-05-20,12:30:00,4.56944,4.57026,4.53665,4.55876,114118.309379
2025-05-20,12:45:00,4.55956,4.56196,4.53995,4.54545,51899.848319
2025-05-20,13:00:00,4.54545,4.55756,4.53975,4.55344,61971.199004
2025-05-20,13:15:00,4.55524,4.56256,4.53805,4.53895,90369.2523997
2025-05-20,13:30:00,4.53865,4.55056,4.52945,4.53425,113756.439791
2025-05-20,13:45:00,4.53215,4.57904,4.53215,4.57904,95980.9837603
2025-05-20,14:00:00,4.57864,4.58004,4.56896,4.57424,23798.390004046
2025-05-20,14:15:00,4.57306,4.57516,4.55456,4.56146,192388.893805
2025-05-20,14:30:00,4.56064,4.57406,4.55154,4.55424,189919.734999
2025-05-20,14:45:00,4.55296,4.55726,4.51975,4.52185,220169.454976
2025-05-20,15:00:00,4.52495,4.54695,4.52375,4.54515,287740.717864
2025-05-20,15:15:00,4.54515,4.56226,4.53445,4.54045,102691.09322964
2025-05-20,15:30:00,4.54045,4.55376,4.52935,4.54915,152143.901993
2025-05-20,15:45:00,4.54905,4.55656,4.52625,4.54855,70927.953722
2025-05-20,16:00:00,4.54005,4.5494,4.5198,4.544,85492.433456
2025-05-20,16:15:00,4.5441,4.5477,4.5219,4.5473,112861.364357
2025-05-20,16:30:00,4.5436,4.57206,4.5321,4.57206,81983.11333
2025-05-20,16:45:00,4.56916,4.56916,4.53585,4.5509,54907.632968527
2025-05-20,17:00:00,4.5509,4.57106,4.54965,4.55166,49580.370120345
2025-05-20,17:15:00,4.55166,4.56346,4.54495,4.56036,52907.414317896
2025-05-20,17:30:00,4.5627,4.57746,4.5595,4.5601,94775.2888329
2025-05-20,17:45:00,4.5601,4.6069,4.5601,4.6011,124773.488615
2025-05-20,18:00:00,4.5977,4.60626,4.5885,4.59926,47688.348815249
2025-05-20,18:15:00,4.5984,4.61516,4.58836,4.58856,127314.580216
2025-05-20,18:30:00,4.58856,4.59986,4.5799,4.59406,90026.259352
2025-05-20,18:45:00,4.59406,4.59406,4.57296,4.59296,19663.749802622
2025-05-20,19:00:00,4.59296,4.60116,4.57426,4.58026,62437.308475
2025-05-20,19:15:00,4.57566,4.6126,4.568,4.6054,75568.8060092
2025-05-20,19:30:00,4.60486,4.61946,4.5994,4.6037,65056.801788
2025-05-20,19:45:00,4.6057,4.62146,4.60426,4.62146,71442.239326262
2025-05-20,20:00:00,4.60846,4.63843,4.60746,4.6366,75218.421737
2025-05-20,20:15:00,4.6366,4.643,4.6185,4.6361,55607.069232913
2025-05-20,20:30:00,4.6361,4.641,4.57812,4.57812,88716.343469
2025-05-20,20:45:00,4.59662,4.59882,4.5707,4.5916,90991.448046949
2025-05-20,21:00:00,4.59392,4.59392,4.52941,4.52941,192742.8315282
2025-05-20,21:15:00,4.5285,4.56501,4.5285,4.55331,131694.701738
2025-05-20,21:30:00,4.55621,4.5903,4.55621,4.5846,39286.01079
2025-05-20,21:45:00,4.5846,4.61242,4.5846,4.60972,21431.639356
2025-05-20,22:00:00,4.60972,4.6472,4.60452,4.6472,37421.815246237
2025-05-20,22:15:00,4.6485,4.6533,4.6181,4.63683,37979.903293463
2025-05-20,22:30:00,4.63943,4.64813,4.6206,4.64693,61940.9592389
2025-05-20,22:45:00,4.6446,4.65183,4.628,4.63543,112906.74411668
2025-05-20,23:00:00,4.63543,4.67874,4.63543,4.66653,82165.002567675
2025-05-20,23:15:00,4.6655,4.6941,4.6591,4.66923,148939.681317
2025-05-20,23:30:00,4.66653,4.69784,4.66613,4.69394,98228.5464
2025-05-20,23:45:00,4.69394,4.69394,4.66743,4.68594,78372.294592
2025-05-20,23:59:00,4.68074,4.70104,4.6763,4.7002,82727.821295
2025-05-21,00:15:00,4.7019,4.7046,4.67333,4.67604,118899.501113
2025-05-21,00:30:00,4.67553,4.68574,4.6423,4.64973,100351.670396
2025-05-21,00:45:00,4.65023,4.66173,4.63763,4.6441,123625.7678017
2025-05-21,01:00:00,4.6431,4.67003,4.6431,4.666,57157.130069
2025-05-21,01:15:00,4.6693,4.67744,4.6617,4.6683,72954.336122
2025-05-21,01:30:00,4.6696,4.69874,4.6668,4.69434,109012.021477
2025-05-21,01:45:00,4.69544,4.69614,4.66243,4.67043,85296.741776784
2025-05-21,02:00:00,4.66943,4.6799,4.6565,4.67864,46985.807968992
2025-05-21,02:15:00,4.67804,4.69241,4.6736,4.69241,56846.0012365
2025-05-21,02:30:00,4.69401,4.70648,4.67567,4.68757,105752.2803663
2025-05-21,02:45:00,4.68757,4.70578,4.6746,4.6844,73675.450682
2025-05-21,03:00:00,4.68501,4.70741,4.67517,4.69288,97364.9146267
2025-05-21,03:15:00,4.68397,4.70711,4.6783,4.70578,144938.839546
2025-05-21,03:30:00,4.70578,4.70968,4.67337,4.6749,129976.764159
2025-05-21,03:45:00,4.6762,4.69601,4.6739,4.68364,78590.963033
2025-05-21,04:00:00,4.68364,4.68951,4.6698,4.6698,101788.364802
2025-05-21,04:15:00,4.6698,4.6711,4.62272,4.62352,134315.227449
2025-05-21,04:30:00,4.62462,4.64979,4.62462,4.63193,73719.137502883
2025-05-21,04:45:00,4.63193,4.6547,4.63193,4.65423,52644.210321626
2025-05-21,05:00:00,4.6547,4.6547,4.65423,4.65423,18826.09489691
2025-05-21,05:15:00,4.65423,4.6547,4.65423,4.65423,33707.628691
2025-05-21,05:30:00,4.6547,4.6547,4.65423,4.6547,24624.859517
2025-05-21,05:45:00,4.6547,4.6547,4.65423,4.65423,59243.713700603
2025-05-21,06:00:00,4.65423,4.6547,4.65423,4.6547,41715.47092123
2025-05-21,06:15:00,4.65423,4.73565,4.65423,4.73442,147858.591127
2025-05-21,06:30:00,4.73555,4.74055,4.71962,4.71962,49000.2692413
2025-05-21,06:45:00,4.72282,4.76103,4.70534,4.75808,224996.3261209
2025-05-21,07:00:00,4.75838,4.76523,4.73315,4.73615,76420.103035494
2025-05-21,07:15:00,4.73615,4.73937,4.72197,4.73225,67521.029763
2025-05-21,07:30:00,4.73225,4.76585,4.71967,4.76448,317603.52623774
2025-05-21,07:45:00,4.76765,4.77205,4.74257,4.74487,124007.5909901
2025-05-21,08:00:00,4.74487,4.76395,4.73917,4.76338,110285.82006613
2025-05-21,08:15:00,4.76208,4.76928,4.73445,4.74235,96831.400302
2025-05-21,08:30:00,4.74235,4.75193,4.72584,4.74705,206042.7175422
2025-05-21,08:45:00,4.74895,4.77603,4.74895,4.76273,189402.900858
2025-05-21,09:00:00,4.76273,4.77293,4.75895,4.75943,45335.18365121
2025-05-21,09:15:00,4.75895,4.75943,4.75895,4.75943,51531.281611
2025-05-21,09:30:00,4.75943,4.75943,4.758,4.75943,72104.365114
2025-05-21,09:45:00,4.75943,4.75943,4.758,4.758,233104.18688
2025-05-21,10:00:00,4.758,4.75943,4.758,4.75943,34240.532597523
2025-05-21,10:15:00,4.75943,4.75943,4.6823,4.70061,91832.3448
2025-05-21,10:30:00,4.68481,4.70191,4.6666,4.6666,166267.5824587
2025-05-21,10:45:00,4.6723,4.6749,4.64559,4.6609,210796.309226
2025-05-21,11:00:00,4.6609,4.6609,4.6435,4.65079,117973.28875394
2025-05-21,11:15:00,4.6535,4.6535,4.621,4.6295,187122.03106989
2025-05-21,11:30:00,4.6295,4.64653,4.6292,4.6409,58918.308391
2025-05-21,11:45:00,4.6435,4.64816,4.62786,4.64786,45027.458184974
2025-05-21,12:00:00,4.64786,4.64826,4.62666,4.63886,37835.393411434
2025-05-21,12:15:00,4.63356,4.65897,4.6311,4.65897,30733.661133
2025-05-21,12:30:00,4.6392,4.6595,4.6333,4.6482,59638.293501986
2025-05-21,12:45:00,4.6482,4.65243,4.63343,4.65243,34371.537719435
2025-05-21,13:00:00,4.64903,4.6578,4.64893,4.6556,35273.191615
2025-05-21,13:15:00,4.6574,4.70167,4.654,4.69027,99568.029139564
2025-05-21,13:30:00,4.69037,4.71791,4.68944,4.71367,160791.283038
2025-05-21,13:45:00,4.71367,4.71417,4.68821,4.68821,346659.438808
2025-05-21,14:00:00,4.68821,4.69251,4.67793,4.68683,58885.445554
2025-05-21,14:15:00,4.6873,4.69097,4.66223,4.66223,65183.175372
2025-05-21,14:30:00,4.66183,4.70584,4.66183,4.70374,226618.584952
2025-05-21,14:45:00,4.70634,4.70791,4.68671,4.69461,55737.968648
2025-05-21,15:00:00,4.69871,4.69871,4.67443,4.67774,98545.297745
2025-05-21,15:15:00,4.67634,4.6821,4.6636,4.6648,56426.6717138
2025-05-21,15:30:00,4.6648,4.6699,4.65363,4.6679,97804.824854
2025-05-21,15:45:00,4.667,4.69654,4.66043,4.69544,44281.482742101
2025-05-21,16:00:00,4.69544,4.7314,4.69544,4.7314,251207.645259
2025-05-21,16:15:00,4.732,4.732,4.70167,4.71387,177714.439029
2025-05-21,16:30:00,4.71387,4.73989,4.71177,4.7248,106416.132341
2025-05-21,16:45:00,4.7235,4.725,4.6815,4.70787,127938.15958
2025-05-21,17:00:00,4.70857,4.7407,4.70187,4.73623,271944.836945
2025-05-21,17:15:00,4.73623,4.7722,4.71423,4.74353,310655.216781
2025-05-21,17:30:00,4.73983,4.7767,4.73983,4.7696,312584.212701
2025-05-21,17:45:00,4.7696,4.77142,4.7245,4.74453,219820.701384
2025-05-21,18:00:00,4.74693,4.7645,4.73977,4.7598,205377.836845
2025-05-21,18:15:00,4.7598,4.773,4.7493,4.7635,191180.62329022
2025-05-21,18:30:00,4.7635,4.8233,4.7635,4.8132,130188.9601167
2025-05-21,18:45:00,4.8128,4.86049,4.8097,4.85249,130015.7533872
2025-05-21,19:00:00,4.85699,4.8776,4.84447,4.84447,54797.8600698
2025-05-21,19:15:00,4.84577,4.84577,4.79196,4.79426,39554.406087
2025-05-21,19:30:00,4.79216,4.80638,4.66873,4.68694,76479.9871471
2025-05-21,19:45:00,4.68694,4.70594,4.64243,4.67533,53050.9333853
2025-05-21,20:00:00,4.67533,4.68344,4.61545,4.61835,48869.62519442
2025-05-21,20:15:00,4.62025,4.68647,4.62025,4.68457,18668.9996676
2025-05-21,20:30:00,4.68457,4.69965,4.66503,4.67744,51289.932233
2025-05-21,20:45:00,4.67514,4.70545,4.67173,4.70035,21104.527785616
2025-05-21,21:00:00,4.69565,4.72936,4.69565,4.69901,118670.20686911
2025-05-21,21:15:00,4.69901,4.71939,4.68637,4.68637,89175.75741
2025-05-21,21:30:00,4.68591,4.68637,4.68591,4.68591,11817.398345
2025-05-21,21:45:00,4.68591,4.68637,4.68591,4.68637,45057.1535555
2025-05-21,22:00:00,4.68637,4.68637,4.68544,4.68591,45126.997775646
2025-05-21,22:15:00,4.68591,4.76373,4.68591,4.74732,52486.540219114
2025-05-21,22:30:00,4.74732,4.75435,4.73325,4.74945,64030.322485912
2025-05-21,22:45:00,4.74945,4.75275,4.73445,4.73837,40576.4194091
2025-05-21,23:00:00,4.73647,4.73647,4.70817,4.71737,141426.262749
2025-05-21,23:15:00,4.72277,4.74145,4.71687,4.74097,90149.953321
2025-05-21,23:30:00,4.74097,4.74547,4.72477,4.72697,75796.773926
2025-05-21,23:45:00,4.72937,4.73497,4.71447,4.72129,78721.3463214
2025-05-21,23:59:00,4.72129,4.72939,4.71812,4.72822,106287.923468
2025-05-22,00:15:00,4.73092,4.73092,4.70667,4.71227,65739.840941
2025-05-22,00:30:00,4.71084,4.73225,4.70897,4.73105,93757.605373
2025-05-22,00:45:00,4.73105,4.74857,4.72887,4.73077,135614.730605
2025-05-22,01:00:00,4.73147,4.75578,4.72157,4.75328,104045.350811
2025-05-22,01:15:00,4.74767,4.75715,4.72745,4.72745,149979.827585
2025-05-22,01:30:00,4.72745,4.80206,4.72592,4.77873,179029.63433014
2025-05-22,01:45:00,4.77873,4.78596,4.76668,4.77896,132441.1372507
2025-05-22,02:00:00,4.77896,4.77896,4.73915,4.75328,255394.900413
2025-05-22,02:15:00,4.75007,4.76731,4.73482,4.7608,224980.088254
2025-05-22,02:30:00,4.7608,4.77095,4.7398,4.77095,74929.156991
2025-05-22,02:45:00,4.77165,4.77653,4.74257,4.74945,142146.2445533
2025-05-22,03:00:00,4.74985,4.79366,4.74485,4.78758,131522.3111033
2025-05-22,03:15:00,4.78706,4.81098,4.78338,4.80968,95394.886926
2025-05-22,03:30:00,4.80968,4.81276,4.78528,4.78888,57187.126102
2025-05-22,03:45:00,4.7905,4.80148,4.7748,4.7748,60888.910672
2025-05-22,04:00:00,4.7737,4.79098,4.7655,4.77348,122581.7341075
2025-05-22,04:15:00,4.77348,4.79064,4.77048,4.78684,84375.819097
2025-05-22,04:30:00,4.78704,4.80522,4.77444,4.79766,164840.4440129
2025-05-22,04:45:00,4.80056,4.81632,4.79704,4.81002,116407.355223
2025-05-22,05:00:00,4.80822,4.81322,4.79544,4.81232,46157.758415
2025-05-22,05:15:00,4.81152,4.81502,4.79862,4.81084,125470.2019835
2025-05-22,05:30:00,4.80904,4.81984,4.79714,4.81984,143698.108169
2025-05-22,05:45:00,4.81984,4.84252,4.81742,4.83272,135990.073974
2025-05-22,06:00:00,4.83202,4.86091,4.83202,4.84355,179103.447082
2025-05-22,06:15:00,4.84355,4.85103,4.83502,4.84833,95125.393855
2025-05-22,06:30:00,4.84763,4.85201,4.82903,4.83062,121404.324596
2025-05-22,06:45:00,4.83062,4.85261,4.82294,4.85241,55169.8903662
2025-05-22,07:00:00,4.85241,4.86311,4.84443,4.84914,111049.986064
2025-05-22,07:15:00,4.84914,4.86304,4.83525,4.83765,283124.277266
2025-05-22,07:30:00,4.83705,4.85863,4.82905,4.85504,107626.155143
2025-05-22,07:45:00,4.85504,4.86483,4.84463,4.84723,37873.820619
2025-05-22,08:00:00,4.84843,4.85213,4.81545,4.81545,67235.632204
2025-05-22,08:15:00,4.81545,4.82675,4.80466,4.81635,73396.2275837
2025-05-22,08:30:00,4.81765,4.82315,4.79036,4.80842,159294.37638
2025-05-22,08:45:00,4.80802,4.81012,4.78372,4.79454,115794.6416399
2025-05-22,09:00:00,4.79282,4.80864,4.78602,4.78602,99924.21079
2025-05-22,09:15:00,4.78634,4.80794,4.78504,4.80794,87968.4137066
2025-05-22,09:30:00,4.80774,4.82752,4.80224,4.82352,75717.059069622
2025-05-22,09:45:00,4.82352,4.84953,4.80892,4.83482,59275.445634
2025-05-22,10:00:00,4.83572,4.85961,4.83572,4.85501,80969.522213
2025-05-22,10:15:00,4.85501,4.86451,4.84892,4.86071,82587.267655
2025-05-22,10:30:00,4.86071,4.91341,4.86071,4.90561,240949.71215
2025-05-22,10:45:00,4.90221,4.90221,4.88062,4.88762,161190.931665
2025-05-22,11:00:00,4.88692,4.90601,4.88452,4.89351,91277.178451868
2025-05-22,11:15:00,4.89251,4.91592,4.88531,4.91162,201590.81397921
2025-05-22,11:30:00,4.91062,4.93901,4.90512,4.92881,184069.077632
2025-05-22,11:45:00,4.92881,4.94881,4.91473,4.92002,199094.308778
2025-05-22,12:00:00,4.92002,4.92122,4.89403,4.91,133026.83812163
2025-05-22,12:15:00,4.91,4.9128,4.88098,4.89427,116174.246673
2025-05-22,12:30:00,4.89427,4.91727,4.88917,4.91417,165433.5696483
2025-05-22,12:45:00,4.91417,4.91657,4.89327,4.89616,126424.532502
2025-05-22,13:00:00,4.89566,4.89607,4.87946,4.88346,88155.77972738
2025-05-22,13:15:00,4.88527,4.88745,4.85017,4.85399,194093.958046
2025-05-22,13:30:00,4.85399,4.87227,4.84968,4.86059,55159.396425
2025-05-22,13:45:00,4.86059,4.87019,4.84968,4.86487,64055.430719722
2025-05-22,14:00:00,4.86787,4.89168,4.86509,4.89009,101074.473141
2025-05-22,14:15:00,4.88999,4.90368,4.87949,4.89008,205040.549854
2025-05-22,14:30:00,4.89008,4.89008,4.86126,4.87906,137815.231306
2025-05-22,14:45:00,4.87955,4.90706,4.87955,4.90237,126070.290432
2025-05-22,15:00:00,4.90237,4.91216,4.89497,4.90966,56694.784843363
2025-05-22,15:15:00,4.90626,4.90848,4.86607,4.88558,34018.44679
2025-05-22,15:30:00,4.88879,4.89208,4.87089,4.89089,21190.677371
2025-05-22,15:45:00,4.89329,4.89408,4.85559,4.87537,13251.79925
2025-05-22,16:00:00,4.87327,4.88056,4.85476,4.86836,23670.500169
2025-05-22,16:15:00,4.86546,4.89648,4.85796,4.89558,18057.449132
2025-05-22,16:30:00,4.89558,4.90798,4.88446,4.89508,15574.015602
2025-05-22,16:45:00,4.89478,4.92979,4.89478,4.90548,11422.853591
2025-05-22,17:00:00,4.90738,4.9354,4.90738,4.9099,64679.322996
2025-05-22,17:15:00,4.922,4.94049,4.9072,4.93719,9830.6893769
2025-05-22,17:30:00,4.93439,4.95729,4.93439,4.95729,4990.153605
2025-05-22,17:45:00,4.95089,4.97569,4.95039,4.9546,25731.24938
2025-05-22,18:00:00,4.9542,4.95969,4.93018,4.93288,58058.9446338
2025-05-22,18:15:00,4.93318,4.94799,4.92738,4.94399,18011.775796
2025-05-22,18:30:00,4.95929,4.96019,4.93509,4.93509,12208.770591
2025-05-22,18:45:00,4.94169,4.94169,4.91228,4.93549,20915.424318
2025-05-22,19:00:00,4.93389,4.93857,4.91387,4.92608,10519.482377455
2025-05-22,19:15:00,4.91948,4.92869,4.91158,4.92448,13321.331287
2025-05-22,19:30:00,4.92709,4.95889,4.92568,4.95519,11633.64594547
2025-05-22,19:45:00,4.95909,4.96348,4.95189,4.95719,25570.6931614
2025-05-22,20:00:00,4.95709,4.95719,4.93089,4.93379,52713.874474879
2025-05-22,20:15:00,4.93379,4.94498,4.93079,4.93847,54575.911361829
2025-05-22,20:30:00,4.93647,4.95649,4.93529,4.95229,19177.29512627
2025-05-22,20:45:00,4.95009,4.95758,4.94839,4.95648,7266.781275606
2025-05-22,21:00:00,4.94858,4.95558,4.94608,4.94848,8750.8918593
2025-05-22,21:15:00,4.94848,4.95299,4.93207,4.93207,6808.445867
2025-05-22,21:30:00,4.93207,4.95178,4.93207,4.94438,11866.579702
2025-05-22,21:45:00,4.93958,4.93988,4.91277,4.91387,21420.719975
2025-05-22,22:00:00,4.91417,4.91797,4.89517,4.90536,28185.456277
2025-05-22,22:15:00,4.89956,4.93598,4.89346,4.93507,12230.083303
2025-05-22,22:30:00,4.93157,4.93407,4.90746,4.90986,12299.5926309
2025-05-22,22:45:00,4.90946,4.91767,4.89949,4.91357,22920.0459
2025-05-22,23:00:00,4.91187,4.92237,4.89575,4.89976,37032.538655944
2025-05-22,23:15:00,4.89926,4.90495,4.88396,4.89546,43645.58043502
2025-05-22,23:30:00,4.89396,4.91007,4.88535,4.88785,25962.096626
2025-05-22,23:45:00,4.88976,4.91547,4.88935,4.90237,26718.210119
2025-05-22,23:59:00,4.90237,4.91547,4.90106,4.90576,48127.3871141
2025-05-23,00:15:00,4.90806,4.93317,4.90237,4.93057,145815.980163
2025-05-23,00:30:00,4.93008,4.94218,4.92507,4.92928,59839.473191
2025-05-23,00:45:00,4.92607,4.93978,4.92098,4.93978,81587.011436347
2025-05-23,01:00:00,4.93887,4.94748,4.92227,4.92668,80934.99972041
2025-05-23,01:15:00,4.92897,4.92897,4.91597,4.92198,44513.855565
2025-05-23,01:30:00,4.92198,4.93698,4.91707,4.93698,38508.9775528
2025-05-23,01:45:00,4.91848,4.94948,4.91848,4.94748,67177.9169027
2025-05-23,02:00:00,4.94798,4.95958,4.94148,4.94798,130126.65133631
2025-05-23,02:15:00,4.94798,4.95389,4.93097,4.94498,58531.14474
2025-05-23,02:30:00,4.96049,4.986,4.95489,4.96299,176141.309616
2025-05-23,02:45:00,4.96299,4.96599,4.93458,4.96108,83205.8525345
2025-05-23,03:00:00,4.95939,4.98399,4.95279,4.96399,68895.082451
2025-05-23,03:15:00,4.96448,4.97199,4.93909,4.94409,119092.668329
2025-05-23,03:30:00,4.94289,4.9852,4.94289,4.9852,153865.435622
2025-05-23,03:45:00,4.9852,5.0134,4.9852,5.0056,194885.4670666
2025-05-23,04:00:00,5.0047,5.0102,4.9889,5.0005,172152.756704
2025-05-23,04:15:00,5.0005,5.07601,4.9859,5.07161,1725596.377866
2025-05-23,04:30:00,5.07161,5.09352,5.06861,5.08371,220541.867257
2025-05-23,04:45:00,5.08171,5.10152,5.06761,5.06761,250305.4175708
2025-05-23,05:00:00,5.06431,5.09622,5.06371,5.06511,225219.861138
2025-05-23,05:15:00,5.06501,5.10212,5.05951,5.09201,145058.65748296
2025-05-23,05:30:00,5.09201,5.10202,5.07121,5.09212,206894.7122767
2025-05-23,05:45:00,5.09242,5.09482,5.07021,5.08772,97620.076205
2025-05-23,06:00:00,5.08721,5.11251,5.08531,5.10641,212458.02148
2025-05-23,06:15:00,5.10641,5.11972,5.08152,5.09322,151217.0012397
2025-05-23,06:30:00,5.08562,5.08562,5.0344,5.0362,241308.357128
2025-05-23,06:45:00,5.0472,5.05111,5.0044,5.0046,119983.968197
2025-05-23,07:00:00,5.0046,5.0411,5.0046,5.0411,159845.865894
2025-05-23,07:15:00,5.0406,5.0442,5.0157,5.0344,95222.035164259
2025-05-23,07:30:00,5.0332,5.0448,4.9984,4.9984,224635.487235
2025-05-23,07:45:00,4.9964,5.001,4.9732,4.9856,160295.794808
2025-05-23,08:00:00,4.9855,4.9976,4.9805,4.9954,203447.658893
2025-05-23,08:15:00,4.9955,5.0064,4.9583,4.9583,357909.416572
2025-05-23,08:30:00,4.9583,4.9665,4.92869,4.9453,275429.937614
2025-05-23,08:45:00,4.9453,4.9523,4.925,4.9492,170726.306007
2025-05-23,09:00:00,4.94969,4.94969,4.9029,4.9157,203129.963335
2025-05-23,09:15:00,4.9157,4.937,4.9119,4.9365,72697.188244
2025-05-23,09:30:00,4.9365,4.9649,4.9275,4.9565,149202.277966
2025-05-23,09:45:00,4.9561,4.9672,4.9301,4.9301,121057.495495
2025-05-23,10:00:00,4.92779,4.93599,4.91159,4.92439,153810.46769314
2025-05-23,10:15:00,4.91989,4.94199,4.91839,4.94009,40397.79007509
2025-05-23,10:30:00,4.94079,4.94609,4.9279,4.93829,100709.312422
2025-05-23,10:45:00,4.93919,4.9676,4.9374,4.9622,99678.242897
2025-05-23,11:00:00,4.9634,4.9751,4.9568,4.9724,155399.259502
2025-05-23,11:15:00,4.9724,4.9834,4.9531,4.9706,100776.630558
2025-05-23,11:30:00,4.9706,5.0135,4.9706,5.0011,119449.77036068
2025-05-23,11:45:00,5.0011,5.0114,4.9907,5.0095,77919.984793
2025-05-23,12:00:00,5.0049,5.011,4.9953,5.0034,89909.6100962
2025-05-23,12:15:00,5.0043,5.0065,4.9535,4.9602,202503.089533
2025-05-23,12:30:00,4.9602,4.9671,4.9393,4.9591,123430.281975
2025-05-23,12:45:00,4.9591,4.9754,4.954,4.9549,97211.526736651
2025-05-23,13:00:00,4.9576,4.9716,4.9509,4.9668,36179.568079716
2025-05-23,13:15:00,4.9679,4.9702,4.9308,4.9353,124940.518924
2025-05-23,13:30:00,4.9321,4.93829,4.90069,4.9054,161298.4249881
2025-05-23,13:45:00,4.909,4.92099,4.8904,4.90469,177531.992968
2025-05-23,14:00:00,4.90469,4.90469,4.72132,4.73523,758956.628573
2025-05-23,14:15:00,4.73523,4.74203,4.66123,4.6792,686673.906713
2025-05-23,14:30:00,4.6779,4.6872,4.6051,4.6792,540838.911798
2025-05-23,14:45:00,4.6792,4.7208,4.6792,4.6865,299930.30356886
2025-05-23,15:00:00,4.6882,4.704,4.681,4.6934,178701.57712
2025-05-23,15:15:00,4.6934,4.6994,4.6624,4.6994,199234.180521
2025-05-23,15:30:00,4.6994,4.7215,4.6882,4.7129,209787.56379737
2025-05-23,15:45:00,4.7129,4.7575,4.7091,4.7355,153204.088097
2025-05-23,16:00:00,4.7453,4.7679,4.7239,4.7674,213050.99265568
2025-05-23,16:15:00,4.7674,4.782,4.7522,4.7569,128773.251944
2025-05-23,16:30:00,4.7578,4.7749,4.7494,4.7664,59946.905637
2025-05-23,16:45:00,4.7664,4.7886,4.7576,4.7856,62525.030702
2025-05-23,17:00:00,4.7856,4.8185,4.7792,4.80398,385815.208832
2025-05-23,17:15:00,4.80458,4.80458,4.7503,4.76128,139623.2326862
2025-05-23,17:30:00,4.76398,4.77188,4.74677,4.76788,106213.335509
2025-05-23,17:45:00,4.76788,4.788,4.76348,4.76618,58478.120304
2025-05-23,18:00:00,4.76378,4.76378,4.71047,4.71347,63268.516904
2025-05-23,18:15:00,4.7139,4.73657,4.70197,4.71457,151660.698183
2025-05-23,18:30:00,4.71457,4.73787,4.67857,4.72947,165102.84914341
2025-05-23,18:45:00,4.72907,4.74187,4.71467,4.71697,98613.934607
2025-05-23,19:00:00,4.71617,4.72897,4.71067,4.72497,85632.279567
2025-05-23,19:15:00,4.72497,4.75698,4.72437,4.74947,96240.5964492
2025-05-23,19:30:00,4.74947,4.76818,4.74947,4.76488,83519.602294
2025-05-23,19:45:00,4.76628,4.76948,4.73777,4.74217,118444.377134
2025-05-23,20:00:00,4.74137,4.75109,4.72997,4.75109,58349.92112
2025-05-23,20:15:00,4.74899,4.76198,4.74337,4.75248,31791.7969264
2025-05-23,20:30:00,4.75248,4.75708,4.71717,4.72787,112653.460893
2025-05-23,20:45:00,4.72787,4.73587,4.72277,4.73037,70647.496974
2025-05-23,21:00:00,4.73397,4.73397,4.69177,4.7042,307780.71599637
2025-05-23,21:15:00,4.6903,4.7255,4.6903,4.7216,242500.27001719
2025-05-23,21:30:00,4.7208,4.7305,4.7035,4.7035,84656.97066
2025-05-23,21:45:00,4.7048,4.7135,4.7011,4.7085,46991.382097
2025-05-23,22:00:00,4.7071,4.7121,4.6874,4.6971,61772.384875
2025-05-23,22:15:00,4.692,4.7018,4.6654,4.6743,158472.1089172
2025-05-23,22:30:00,4.6743,4.685,4.6674,4.683,119099.234813
2025-05-23,22:45:00,4.6823,4.6849,4.6464,4.6624,105326.92585291
2025-05-23,23:00:00,4.6624,4.66943,4.64662,4.65882,129252.107478
2025-05-23,23:15:00,4.65638,4.65638,4.63647,4.63867,166672.38186
2025-05-23,23:30:00,4.63982,4.67913,4.63817,4.67208,190354.34526119
2025-05-23,23:45:00,4.67208,4.67208,4.64722,4.66373,100601.411084
2025-05-23,23:59:00,4.66183,4.66883,4.62677,4.62677,82969.685159577
2025-05-24,00:15:00,4.63007,4.66373,4.62847,4.66033,68887.9652522
2025-05-24,00:30:00,4.65318,4.67203,4.65318,4.66158,41801.461372
2025-05-24,00:45:00,4.66058,4.66188,4.62572,4.63377,224147.271203
2025-05-24,01:00:00,4.62352,4.62957,4.61147,4.62172,76212.909586
2025-05-24,01:15:00,4.61582,4.62082,4.59016,4.59121,266111.123166
2025-05-24,01:30:00,4.59121,4.60397,4.57196,4.57621,129628.1897756
2025-05-24,01:45:00,4.57951,4.58401,4.53359,4.54965,121838.423574
2025-05-24,02:00:00,4.55065,4.5761,4.53914,4.56185,84441.248873
2025-05-24,02:15:00,4.56165,4.58,4.54304,4.5786,111228.37287
2025-05-24,02:30:00,4.5786,4.5786,4.57855,4.57855,53582.825207
2025-05-24,02:45:00,4.57855,4.5786,4.57855,4.5786,32903.1940401
2025-05-24,03:00:00,4.5786,4.5786,4.57855,4.57855,18113.099894
2025-05-24,03:15:00,4.57855,4.5786,4.57855,4.5786,28265.398297
2025-05-24,03:30:00,4.5786,4.5786,4.57855,4.5786,23510.32443694
2025-05-24,03:45:00,4.5786,4.5786,4.57855,4.57855,13256.107364
2025-05-24,04:00:00,4.57855,4.5786,4.57855,4.57855,30608.0934571
2025-05-24,04:15:00,4.58065,4.5918,4.56329,4.5918,65112.171789
2025-05-24,04:30:00,4.5918,4.61356,4.59156,4.6022,51252.980272
2025-05-24,04:45:00,4.60076,4.61086,4.59456,4.61086,60541.194775
2025-05-24,05:00:00,4.61136,4.61726,4.60561,4.61056,40399.553768
2025-05-24,05:15:00,4.60886,4.62456,4.6014,4.62056,54978.332652
2025-05-24,05:30:00,4.62056,4.63517,4.61811,4.62556,67084.366784
2025-05-24,05:45:00,4.62856,4.63041,4.61046,4.61046,78176.977929
2025-05-24,06:00:00,4.61286,4.61591,4.60761,4.61376,44451.674083315
2025-05-24,06:15:00,4.61296,4.61731,4.6005,4.60526,42935.419291
2025-05-24,06:30:00,4.60606,4.62106,4.6021,4.62106,112325.45692
2025-05-24,06:45:00,4.62106,4.63086,4.61701,4.63056,98030.246874
2025-05-24,07:00:00,4.63146,4.63177,4.61956,4.62921,77055.489174
2025-05-24,07:15:00,4.62946,4.63161,4.61141,4.61261,142926.705155
2025-05-24,07:30:00,4.61201,4.61201,4.58335,4.5843,158295.984459
2025-05-24,07:45:00,4.5843,4.61021,4.58395,4.6051,69462.9856899
2025-05-24,08:00:00,4.60721,4.60721,4.5889,4.5895,81473.167099
2025-05-24,08:15:00,4.5892,4.61266,4.5886,4.61076,73380.6466886
2025-05-24,08:30:00,4.61126,4.61126,4.5803,4.5956,33143.4182638
2025-05-24,08:45:00,4.5885,4.59896,4.5697,4.5761,53829.010119
2025-05-24,09:00:00,4.576,4.5831,4.5656,4.57405,61054.653431
2025-05-24,09:15:00,4.57175,4.61581,4.57175,4.61061,184251.123226
2025-05-24,09:30:00,4.60961,4.61861,4.60636,4.60636,84425.990006
2025-05-24,09:45:00,4.60641,4.61831,4.5973,4.60766,81987.4206462
2025-05-24,10:00:00,4.60766,4.60816,4.58325,4.5915,118447.1969779
2025-05-24,10:15:00,4.5915,4.60276,4.58645,4.60276,69481.3689258
2025-05-24,10:30:00,4.60556,4.60606,4.57646,4.58342,64214.7106033
2025-05-24,10:45:00,4.58042,4.59882,4.57902,4.58622,80954.551153
2025-05-24,11:00:00,4.58552,4.61396,4.58446,4.6104,117094.173998
2025-05-24,11:15:00,4.6104,4.6121,4.5965,4.59776,31839.056991
2025-05-24,11:30:00,4.59806,4.6135,4.59536,4.61346,60507.2924028
2025-05-24,11:45:00,4.61346,4.61942,4.6057,4.6116,60228.774636
2025-05-24,12:00:00,4.6126,4.6126,4.58936,4.58936,88610.97292
2025-05-24,12:15:00,4.58996,4.595,4.58646,4.59136,36763.496082
2025-05-24,12:30:00,4.58706,4.59996,4.5866,4.5907,34295.8377875
2025-05-24,12:45:00,4.5903,4.62703,4.5854,4.62592,139143.772232
2025-05-24,13:00:00,4.62933,4.63203,4.61602,4.61766,77210.222377
2025-05-24,13:15:00,4.61746,4.63306,4.61746,4.62386,31380.880067
2025-05-24,13:30:00,4.63066,4.63186,4.61055,4.61985,29508.761942
2025-05-24,13:45:00,4.61855,4.63081,4.61451,4.61521,34963.312618
2025-05-24,14:00:00,4.61295,4.61735,4.60705,4.60761,17479.7318856
2025-05-24,14:15:00,4.61641,4.61641,4.5932,4.60405,80417.554822
2025-05-24,14:30:00,4.60475,4.6096,4.58615,4.60145,104154.307186
2025-05-24,14:45:00,4.60085,4.61,4.59429,4.60285,66296.747863
2025-05-24,15:00:00,4.6023,4.6061,4.59055,4.5977,53529.646028234
2025-05-24,15:15:00,4.59239,4.5997,4.57489,4.57689,119247.1843
2025-05-24,15:30:00,4.57599,4.58475,4.57009,4.58149,61594.569993
2025-05-24,15:45:00,4.58789,4.5908,4.5768,4.5768,37241.457892
2025-05-24,16:00:00,4.577,4.5872,4.56751,4.57752,47690.502735
2025-05-24,16:15:00,4.57842,4.57842,4.56041,4.57429,51253.780664
2025-05-24,16:30:00,4.5711,4.5859,4.5661,4.5769,51118.761365
2025-05-24,16:45:00,4.5769,4.5822,4.561,4.5818,84439.054968527
2025-05-24,17:00:00,4.5818,4.5897,4.576,4.5874,70137.129804
2025-05-24,17:15:00,4.5874,4.597,4.5768,4.58782,118862.258649
2025-05-24,17:30:00,4.58682,4.59692,4.58342,4.58482,59526.13935
2025-05-24,17:45:00,4.58352,4.58352,4.56387,4.56917,61142.876733
2025-05-24,18:00:00,4.56177,4.57137,4.55957,4.56787,28508.793081
2025-05-24,18:15:00,4.56297,4.57117,4.54746,4.55337,70117.878833074
2025-05-24,18:30:00,4.55567,4.56227,4.54545,4.55636,30473.965417
2025-05-24,18:45:00,4.56087,4.56667,4.55196,4.56247,7875.832882
2025-05-24,19:00:00,4.56667,4.58996,4.56397,4.58806,32775.911222
2025-05-24,19:15:00,4.58696,4.59992,4.57646,4.59992,25512.752745
2025-05-24,19:30:00,4.59572,4.60012,4.58092,4.58602,28360.224516467
2025-05-24,19:45:00,4.58482,4.59626,4.58192,4.58766,16801.874533
2025-05-24,20:00:00,4.59296,4.59956,4.58396,4.59016,10489.961338
2025-05-24,20:15:00,4.59116,4.60046,4.58146,4.59196,56706.103265
2025-05-24,20:30:00,4.59176,4.60896,4.59176,4.60896,17658.416351
2025-05-24,20:45:00,4.61016,4.61016,4.58852,4.59172,7182.951796
2025-05-24,21:00:00,4.58872,4.58872,4.57241,4.57461,19625.649178
2025-05-24,21:15:00,4.57211,4.58226,4.56751,4.58126,15078.332012
2025-05-24,21:30:00,4.58076,4.58196,4.56716,4.57216,12710.176716
2025-05-24,21:45:00,4.57216,4.58042,4.57216,4.58042,8946.465123
2025-05-24,22:00:00,4.58062,4.59252,4.57646,4.59252,21553.741036
2025-05-24,22:15:00,4.59342,4.59672,4.58586,4.58876,19978.25859
2025-05-24,22:30:00,4.59625,4.59746,4.58396,4.58486,12290.017594
2025-05-24,22:45:00,4.58806,4.60372,4.58806,4.60166,11184.67997
2025-05-24,23:00:00,4.60606,4.60606,4.58526,4.58666,9988.937285
2025-05-24,23:15:00,4.58716,4.59106,4.56951,4.57251,9545.64043
2025-05-24,23:30:00,4.57251,4.57321,4.54535,4.55656,34608.611457
2025-05-24,23:45:00,4.56436,4.57206,4.55336,4.55706,32430.931241
2025-05-24,23:59:00,4.55826,4.57136,4.55826,4.57126,36790.328276
2025-05-25,00:15:00,4.57006,4.57916,4.54695,4.55156,66480.986206
2025-05-25,00:30:00,4.55176,4.56816,4.54175,4.54285,55796.269229
2025-05-25,00:45:00,4.54385,4.55045,4.53585,4.54065,34001.62803
2025-05-25,01:00:00,4.54125,4.54995,4.53495,4.54185,51534.899419
2025-05-25,01:15:00,4.54185,4.54315,4.50904,4.51833,121594.259761
2025-05-25,01:30:00,4.51833,4.55819,4.51833,4.54207,118200.227221
2025-05-25,01:45:00,4.54173,4.55669,4.5359,4.54968,75837.6600385
2025-05-25,02:00:00,4.54918,4.55114,4.52551,4.53782,107797.132912
2025-05-25,02:15:00,4.5353,4.56495,4.5353,4.55857,159478.920364
2025-05-25,02:30:00,4.56037,4.56597,4.52699,4.53352,69767.342608452
2025-05-25,02:45:00,4.53292,4.54863,4.4807,4.4807,144377.5253605
2025-05-25,03:00:00,4.4829,4.5086,4.47439,4.47834,139301.388895
2025-05-25,03:15:00,4.47674,4.49594,4.46818,4.46818,135341.8864351
2025-05-25,03:30:00,4.46818,4.49374,4.45745,4.49289,123706.632671
2025-05-25,03:45:00,4.49835,4.50155,4.48434,4.4935,64755.790923
2025-05-25,04:00:00,4.4994,4.50175,4.47785,4.4837,60599.887492818
2025-05-25,04:15:00,4.4803,4.48764,4.46823,4.46823,61055.9366633
2025-05-25,04:30:00,4.47353,4.49615,4.46247,4.48439,117838.916489
2025-05-25,04:45:00,4.48439,4.51556,4.48439,4.50295,39333.540767
2025-05-25,05:00:00,4.50295,4.51416,4.4926,4.51416,43181.663883
2025-05-25,05:15:00,4.5129,4.53302,4.5124,4.51946,49768.225375
2025-05-25,05:30:00,4.52156,4.52876,4.5162,4.5162,34857.058517
2025-05-25,05:45:00,4.5162,4.53513,4.5162,4.5263,46354.421104
2025-05-25,06:00:00,4.5263,4.53042,4.52255,4.524,24489.004118
2025-05-25,06:15:00,4.53131,4.53267,4.5096,4.5096,52154.92155069
2025-05-25,06:30:00,4.5096,4.51976,4.50735,4.51706,53324.303262
2025-05-25,06:45:00,4.51766,4.53517,4.50945,4.53287,112169.751449
2025-05-25,07:00:00,4.53447,4.54093,4.53016,4.53848,28535.402528
2025-05-25,07:15:00,4.53848,4.54823,4.53535,4.5407,39650.69878
2025-05-25,07:30:00,4.5407,4.54437,4.5295,4.54372,32604.567646
2025-05-25,07:45:00,4.5411,4.54863,4.52875,4.54042,15478.221529681
2025-05-25,08:00:00,4.54108,4.54914,4.52905,4.54794,34727.064297
2025-05-25,08:15:00,4.54794,4.54998,4.5341,4.5341,16828.806545
2025-05-25,08:30:00,4.5337,4.53616,4.5239,4.53307,10076.6069804
2025-05-25,08:45:00,4.53307,4.53871,4.52505,4.53211,9536.441708
2025-05-25,09:00:00,4.53171,4.54332,4.52761,4.53871,10046.11414998
2025-05-25,09:15:00,4.53871,4.53871,4.51555,4.51555,18383.1852055
2025-05-25,09:30:00,4.51866,4.51921,4.49735,4.50145,33756.14407142
2025-05-25,09:45:00,4.50145,4.51436,4.49565,4.5032,13627.22200712
2025-05-25,10:00:00,4.5058,4.51731,4.5042,4.51215,10011.86014501
2025-05-25,10:15:00,4.51651,4.51756,4.4842,4.4849,31694.24929104
2025-05-25,10:30:00,4.4861,4.49345,4.46379,4.46379,207374.692771
2025-05-25,10:45:00,4.46539,4.47635,4.45775,4.47565,80738.9730723
2025-05-25,11:00:00,4.47565,4.47745,4.43894,4.44949,105658.15191308
2025-05-25,11:15:00,4.44949,4.47413,4.44224,4.45364,159392.8160356
2025-05-25,11:30:00,4.45504,4.46424,4.43577,4.45295,60482.2201775
2025-05-25,11:45:00,4.45325,4.45759,4.43079,4.43437,51946.805119867
2025-05-25,12:00:00,4.43647,4.46473,4.43647,4.45605,123220.37539632
2025-05-25,12:15:00,4.45605,4.46977,4.4516,4.45497,50174.423834
2025-05-25,12:30:00,4.45497,4.46378,4.45237,4.45817,58446.757927
2025-05-25,12:45:00,4.45617,4.46298,4.45028,4.45815,25330.560407
2025-05-25,13:00:00,4.45605,4.47007,4.44273,4.44273,69278.397615
2025-05-25,13:15:00,4.44318,4.45526,4.43463,4.45066,153547.438717
2025-05-25,13:30:00,4.45066,4.46832,4.45066,4.45658,94179.65407586
2025-05-25,13:45:00,4.45168,4.46703,4.44661,4.45107,34722.757308
2025-05-25,14:00:00,4.45117,4.46192,4.44292,4.45816,26839.1113632
2025-05-25,14:15:00,4.45916,4.46247,4.44126,4.44206,42004.602301015
2025-05-25,14:30:00,4.43996,4.47863,4.43726,4.46442,76567.77899
2025-05-25,14:45:00,4.46542,4.48669,4.4638,4.47315,62885.406258
2025-05-25,15:00:00,4.47558,4.48549,4.47295,4.48015,43994.339753255
2025-05-25,15:15:00,4.48429,4.49124,4.4657,4.47495,66556.633396
2025-05-25,15:30:00,4.47495,4.47959,4.46375,4.46695,102494.5651473
2025-05-25,15:45:00,4.46715,4.4911,4.46305,4.4866,64779.286645
2025-05-25,16:00:00,4.4864,4.49539,4.47238,4.48579,57736.31455
2025-05-25,16:15:00,4.48715,4.48919,4.45775,4.4663,55619.228097
2025-05-25,16:30:00,4.4676,4.47589,4.45149,4.46015,22303.052594
2025-05-25,16:45:00,4.45215,4.46555,4.44749,4.44939,56016.090574975
2025-05-25,17:00:00,4.44879,4.45009,4.42248,4.43679,74136.937956
2025-05-25,17:15:00,4.43679,4.4409,4.4215,4.4229,16820.184077
2025-05-25,17:30:00,4.4229,4.4229,4.35244,4.37704,40903.878056
2025-05-25,17:45:00,4.37754,4.4136,4.37734,4.4124,4024.739223
2025-05-25,18:00:00,4.4109,4.42,4.3957,4.4092,3309.726358
2025-05-25,18:15:00,4.4104,4.4124,4.3905,4.3959,7634.57275
2025-05-25,18:30:00,4.3959,4.3959,4.3959,4.3959,2586.20389
2025-05-25,18:45:00,4.3959,4.3959,4.3959,4.3959,6105.2974
2025-05-25,19:00:00,4.3959,4.40744,4.3959,4.40544,1049.073344
2025-05-25,19:15:00,4.41344,4.42344,4.41044,4.41544,2848.8889507742
2025-05-25,19:30:00,4.40844,4.415,4.40044,4.415,984.219374
2025-05-25,19:45:00,4.408,4.409,4.398,4.409,253.8074
2025-05-25,20:00:00,4.411,4.415,4.41,4.413,1051.0498
2025-05-25,20:15:00,4.4114,4.42014,4.41024,4.41434,13551.780562
2025-05-25,20:30:00,4.41154,4.42384,4.41154,4.41864,2492.52957
2025-05-25,20:45:00,4.43234,4.43234,4.42214,4.42584,24038.590277
2025-05-25,21:00:00,4.42894,4.42894,4.41774,4.42124,7455.79737
2025-05-25,21:15:00,4.42124,4.43204,4.41804,4.43204,43119.635681272
2025-05-25,21:30:00,4.43104,4.43494,4.42454,4.43494,6810.183107
2025-05-25,21:45:00,4.43254,4.4445,4.43254,4.4393,7376.571778
2025-05-25,22:00:00,4.4395,4.46248,4.4395,4.45508,2801.946897
2025-05-25,22:15:00,4.46138,4.46272,4.44661,4.44704,9438.214385
2025-05-25,22:30:00,4.44704,4.44704,4.42334,4.42394,17910.063356
2025-05-25,22:45:00,4.42394,4.43724,4.42394,4.43314,40171.385604
2025-05-25,23:00:00,4.43004,4.44194,4.42664,4.43104,75567.154897
2025-05-25,23:15:00,4.43104,4.44304,4.42144,4.44304,79346.4279955
2025-05-25,23:30:00,4.44014,4.44614,4.41274,4.41924,65333.1879209
2025-05-25,23:45:00,4.41924,4.42494,4.39844,4.41884,139333.224865
2025-05-25,23:59:00,4.41674,4.42184,4.41174,4.42184,39633.864829
2025-05-26,00:15:00,4.42154,4.47265,4.40574,4.47265,96555.748505
2025-05-26,00:30:00,4.47265,4.48095,4.45805,4.47865,182935.816278
2025-05-26,00:45:00,4.47915,4.49095,4.46895,4.48775,135974.20336
2025-05-26,01:00:00,4.48865,4.51576,4.48865,4.51576,182614.411283
2025-05-26,01:15:00,4.51426,4.52897,4.50775,4.5238,76318.817806
2025-05-26,01:30:00,4.5231,4.52335,4.48635,4.48675,82984.08166
2025-05-26,01:45:00,4.48705,4.52275,4.48705,4.5185,79267.3688739
2025-05-26,02:00:00,4.5185,4.52935,4.51385,4.51915,94177.5450505
2025-05-26,02:15:00,4.51945,4.53395,4.5132,4.51445,95305.02940227
2025-05-26,02:30:00,4.51255,4.5205,4.5063,4.5079,90132.515379
2025-05-26,02:45:00,4.5062,4.54525,4.4945,4.54455,129215.439697
2025-05-26,03:00:00,4.54455,4.5595,4.5403,4.5492,156500.230483
2025-05-26,03:15:00,4.5504,4.57396,4.5446,4.5458,156445.491443
2025-05-26,03:30:00,4.5451,4.55015,4.5374,4.54375,447895.464107
2025-05-26,03:45:00,4.54375,4.5576,4.5343,4.5572,58612.969487
2025-05-26,04:00:00,4.5581,4.57055,4.55045,4.55576,168778.24006
2025-05-26,04:15:00,4.55786,4.5584,4.54575,4.5485,53318.4162994
2025-05-26,04:30:00,4.5485,4.5596,4.5405,4.55504,49735.305851
2025-05-26,04:45:00,4.55374,4.5567,4.52625,4.5303,43421.2088508
2025-05-26,05:00:00,4.5286,4.534,4.5235,4.5291,49289.11335923
2025-05-26,05:15:00,4.5292,4.5333,4.5259,4.52705,42886.004405
2025-05-26,05:30:00,4.52565,4.5404,4.52235,4.5404,69140.290327
2025-05-26,05:45:00,4.5361,4.5561,4.5361,4.5523,117387.59327
2025-05-26,06:00:00,4.5525,4.572,4.5525,4.5675,133391.023509
2025-05-26,06:15:00,4.5675,4.5692,4.55404,4.5646,71806.256040685
2025-05-26,06:30:00,4.5641,4.57384,4.5609,4.57,79884.632949
2025-05-26,06:45:00,4.5703,4.5705,4.5558,4.5705,424827.014325
2025-05-26,07:00:00,4.5705,4.5714,4.5501,4.56586,171753.78231
2025-05-26,07:15:00,4.56666,4.56666,4.55147,4.55216,30756.84056115
2025-05-26,07:30:00,4.55489,4.57547,4.55336,4.57247,24842.164915
2025-05-26,07:45:00,4.57247,4.5753,4.55796,4.56444,19373.1088003
2025-05-26,08:00:00,4.56284,4.57435,4.56111,4.57277,7692.2357762
2025-05-26,08:15:00,4.57277,4.58238,4.56414,4.58038,41457.680603
2025-05-26,08:30:00,4.57527,4.57956,4.56286,4.57426,57786.635974
2025-05-26,08:45:00,4.57486,4.58198,4.56564,4.56695,48066.0168036
2025-05-26,09:00:00,4.56695,4.59227,4.56297,4.58682,200119.49385
2025-05-26,09:15:00,4.58763,4.61042,4.58082,4.60782,194232.52095856
2025-05-26,09:30:00,4.60614,4.61863,4.59035,4.60104,148718.120299
2025-05-26,09:45:00,4.60274,4.60626,4.58636,4.60204,37414.021764
2025-05-26,10:00:00,4.60154,4.6059,4.59386,4.6041,165305.628736
2025-05-26,10:15:00,4.6041,4.60936,4.5963,4.5971,71390.601063
2025-05-26,10:30:00,4.5971,4.602,4.58966,4.59546,47507.302069
2025-05-26,10:45:00,4.58806,4.59386,4.56996,4.57416,119769.1915
2025-05-26,11:00:00,4.5732,4.5799,4.56446,4.56926,49094.815044
2025-05-26,11:15:00,4.56716,4.5813,4.56446,4.5784,54608.469515
2025-05-26,11:30:00,4.5784,4.58708,4.5784,4.58144,26404.064043
2025-05-26,11:45:00,4.58298,4.5876,4.56184,4.56974,122095.0509352
2025-05-26,12:00:00,4.56974,4.56974,4.55364,4.55544,154279.130587
2025-05-26,12:15:00,4.55834,4.56339,4.54829,4.56254,60228.527729
2025-05-26,12:30:00,4.55994,4.56989,4.55649,4.56814,84319.016692
2025-05-26,12:45:00,4.56654,4.56794,4.55754,4.56034,39085.634708
2025-05-26,13:00:00,4.55874,4.5647,4.54188,4.54742,56555.49336179
2025-05-26,13:15:00,4.54672,4.55132,4.53895,4.54595,192467.34059059
2025-05-26,13:30:00,4.54675,4.54914,4.53821,4.54022,147171.090477
2025-05-26,13:45:00,4.53982,4.54534,4.52322,4.52857,155270.692373
2025-05-26,14:00:00,4.52857,4.53577,4.51535,4.51846,169961.2510572
2025-05-26,14:15:00,4.52016,4.52816,4.50435,4.51286,123976.58044
2025-05-26,14:30:00,4.51286,4.5225,4.5081,4.51435,57991.033244
2025-05-26,14:45:00,4.51435,4.53227,4.51435,4.52506,69581.304053
2025-05-26,15:00:00,4.52336,4.54935,4.52336,4.54935,110713.59791
2025-05-26,15:15:00,4.54935,4.55534,4.52922,4.53436,65600.101336
2025-05-26,15:30:00,4.53842,4.54429,4.51365,4.51365,55380.650406952
2025-05-26,15:45:00,4.51806,4.54853,4.51806,4.53382,262521.85948
2025-05-26,16:00:00,4.53493,4.54033,4.48245,4.48775,87671.02813638
2025-05-26,16:15:00,4.48775,4.51535,4.48405,4.51495,193419.112854
2025-05-26,16:30:00,4.51525,4.51525,4.47075,4.48585,79219.20845
2025-05-26,16:45:00,4.48695,4.48935,4.46465,4.47925,72280.862152
2025-05-26,17:00:00,4.47925,4.48895,4.46805,4.48795,45865.4798369
2025-05-26,17:15:00,4.48835,4.49685,4.47645,4.48495,38481.761122
2025-05-26,17:30:00,4.48405,4.50445,4.47755,4.50355,31344.59974942
2025-05-26,17:45:00,4.50355,4.54805,4.50355,4.52395,56960.15269
2025-05-26,18:00:00,4.52445,4.54005,4.52445,4.52725,39755.2252432
2025-05-26,18:15:00,4.52725,4.54555,4.52505,4.54015,84786.914514817
2025-05-26,18:30:00,4.54145,4.54145,4.46375,4.46895,115684.940193
2025-05-26,18:45:00,4.47585,4.49575,4.46485,4.49425,77863.66493
2025-05-26,19:00:00,4.49465,4.49645,4.478,4.48774,170481.604763
2025-05-26,19:15:00,4.49405,4.5007,4.48364,4.49554,52469.809748633
2025-05-26,19:30:00,4.49755,4.50075,4.45825,4.47395,63371.865142
2025-05-26,19:45:00,4.47345,4.47345,4.44244,4.45505,105500.479983
2025-05-26,20:00:00,4.45445,4.45445,4.42714,4.43934,112929.323129
2025-05-26,20:15:00,4.4399,4.4573,4.431,4.4523,49367.878416
2025-05-26,20:30:00,4.45405,4.46495,4.4495,4.4574,54209.886468
2025-05-26,20:45:00,4.4565,4.47755,4.4565,4.47105,55939.37633
2025-05-26,21:00:00,4.47145,4.47145,4.45375,4.45615,33314.839558403
2025-05-26,21:15:00,4.45395,4.45495,4.4383,4.45014,98046.431746
2025-05-26,21:30:00,4.45014,4.46355,4.4498,4.45425,49824.183362
2025-05-26,21:45:00,4.4537,4.46615,4.44654,4.44654,65816.5837533
2025-05-26,22:00:00,4.44654,4.45034,4.43694,4.44884,48979.343671
2025-05-26,22:15:00,4.44764,4.4576,4.4327,4.4559,30020.96899
2025-05-26,22:30:00,4.4554,4.4588,4.44164,4.45385,15530.216485
2025-05-26,22:45:00,4.45325,4.4815,4.44944,4.47555,15288.391114
2025-05-26,23:00:00,4.47555,4.4826,4.4661,4.4826,27321.057089
2025-05-26,23:15:00,4.4828,4.4868,4.46635,4.46911,15685.702923822
2025-05-26,23:30:00,4.46715,4.47415,4.45695,4.46825,11283.26898186
2025-05-26,23:45:00,4.46715,4.4809,4.46061,4.46391,8862.7662074
2025-05-26,23:59:00,4.46391,4.4756,4.45741,4.46991,10340.143622517
2025-05-27,00:15:00,4.47031,4.476,4.46451,4.46951,39448.687179
2025-05-27,00:30:00,4.47191,4.49775,4.47115,4.47675,67701.6298834
2025-05-27,00:45:00,4.47635,4.47635,4.46521,4.47125,41150.802991588
2025-05-27,01:00:00,4.47025,4.47025,4.44941,4.45111,58416.1667114
2025-05-27,01:15:00,4.45111,4.45525,4.44051,4.44771,40183.547959
2025-05-27,01:30:00,4.44771,4.45465,4.43961,4.43961,83572.2848069
2025-05-27,01:45:00,4.44006,4.45695,4.44006,4.45695,67379.619495931
2025-05-27,02:00:00,4.45695,4.46885,4.45661,4.46621,25926.9971904
2025-05-27,02:15:00,4.46615,4.47365,4.45755,4.46015,28287.490543
2025-05-27,02:30:00,4.46165,4.49145,4.46165,4.46825,50314.5007
2025-05-27,02:45:00,4.46825,4.47095,4.45415,4.45705,20783.627957
2025-05-27,03:00:00,4.45705,4.45915,4.44256,4.44826,56097.7653473
2025-05-27,03:15:00,4.44636,4.44956,4.41416,4.41726,143689.3897449
2025-05-27,03:30:00,4.40936,4.41336,4.37279,4.39398,146773.4435824
2025-05-27,03:45:00,4.39398,4.41262,4.39318,4.40872,71048.1304326
2025-05-27,04:00:00,4.40916,4.40982,4.39152,4.40396,38671.3937404
2025-05-27,04:15:00,4.40272,4.41916,4.40272,4.41692,19432.042014
2025-05-27,04:30:00,4.41442,4.43151,4.40906,4.43051,18449.976441
2025-05-27,04:45:00,4.43281,4.43491,4.42541,4.42761,10071.111671353
2025-05-27,05:00:00,4.42866,4.42866,4.40686,4.41752,13660.9948766
2025-05-27,05:15:00,4.41692,4.44361,4.41652,4.44231,27767.840625
2025-05-27,05:30:00,4.44111,4.45411,4.43741,4.44216,25438.628887744
2025-05-27,05:45:00,4.43966,4.44796,4.43606,4.43656,36947.200003986
2025-05-27,06:00:00,4.43656,4.43936,4.42406,4.42746,11397.7185863
2025-05-27,06:15:00,4.42706,4.44451,4.42362,4.43396,40308.5085
2025-05-27,06:30:00,4.44356,4.44776,4.43141,4.44641,22618.948307
2025-05-27,06:45:00,4.44641,4.45195,4.44161,4.44961,32421.337873
2025-05-27,07:00:00,4.44921,4.46625,4.44671,4.45515,80320.197158
2025-05-27,07:15:00,4.45515,4.45551,4.43896,4.44311,87363.067411
2025-05-27,07:30:00,4.44201,4.44261,4.42731,4.43316,47987.024565054
2025-05-27,07:45:00,4.43326,4.44171,4.42696,4.43741,38154.327034
2025-05-27,08:00:00,4.43741,4.46495,4.43741,4.46065,50024.560717
2025-05-27,08:15:00,4.46011,4.4993,4.46011,4.4946,103994.150836
2025-05-27,08:30:00,4.4946,4.52445,4.4946,4.5164,114527.3533317
2025-05-27,08:45:00,4.5165,4.53215,4.509,4.53125,47108.9665053
2025-05-27,09:00:00,4.52665,4.52665,4.48415,4.48745,36603.1378953
2025-05-27,09:15:00,4.48755,4.51205,4.48715,4.50855,14382.98643
2025-05-27,09:30:00,4.51005,4.51465,4.50345,4.50345,13568.8184006
2025-05-27,09:45:00,4.50545,4.53085,4.50545,4.52155,31857.455504
2025-05-27,10:00:00,4.52945,4.53514,4.5169,4.51925,16590.490067
2025-05-27,10:15:00,4.52025,4.56247,4.5189,4.56247,79345.167788
2025-05-27,10:30:00,4.56247,4.56747,4.55101,4.55721,128067.423378
2025-05-27,10:45:00,4.55721,4.56731,4.55041,4.56287,98218.228776
2025-05-27,11:00:00,4.56237,4.56747,4.55247,4.55941,63428.129339
2025-05-27,11:15:00,4.55941,4.57307,4.55541,4.56711,86360.5488519
2025-05-27,11:30:00,4.56711,4.57357,4.55081,4.55261,89074.189566
2025-05-27,11:45:00,4.55261,4.55601,4.54961,4.55441,61353.450493
2025-05-27,12:00:00,4.55441,4.56957,4.54741,4.55637,138737.211722
2025-05-27,12:15:00,4.55637,4.56551,4.55541,4.55677,52443.093772
2025-05-27,12:30:00,4.56027,4.56737,4.55411,4.55921,59561.245202
2025-05-27,12:45:00,4.55211,4.57181,4.55151,4.56031,85667.413821
2025-05-27,13:00:00,4.56031,4.57097,4.55971,4.57097,52771.32198
2025-05-27,13:15:00,4.57147,4.57147,4.55291,4.56627,54699.8872124
2025-05-27,13:30:00,4.56537,4.56537,4.53431,4.54501,89464.968684108
2025-05-27,13:45:00,4.54641,4.55641,4.54321,4.55216,55243.092902
2025-05-27,14:00:00,4.55171,4.56301,4.54851,4.54891,58773.112615
2025-05-27,14:15:00,4.54965,4.56456,4.54965,4.56201,78192.974571
2025-05-27,14:30:00,4.56201,4.57446,4.54025,4.56741,94501.635513
2025-05-27,14:45:00,4.56961,4.57662,4.55861,4.55861,59232.353510827
2025-05-27,15:00:00,4.55886,4.56041,4.54941,4.55701,36309.5085078
2025-05-27,15:15:00,4.55025,4.59936,4.54725,4.59936,111537.000067
2025-05-27,15:30:00,4.60406,4.61246,4.59096,4.60086,150183.812346
2025-05-27,15:45:00,4.60426,4.6125,4.57536,4.5822,99736.9928533
2025-05-27,16:00:00,4.5798,4.58436,4.5508,4.5583,102043.112304
2025-05-27,16:15:00,4.56106,4.5746,4.5485,4.57126,113929.52648203
2025-05-27,16:30:00,4.57086,4.57566,4.5326,4.5326,97268.820112
2025-05-27,16:45:00,4.5361,4.53851,4.5005,4.52385,126420.15023933
2025-05-27,17:00:00,4.53195,4.55291,4.52545,4.53781,56936.390588
2025-05-27,17:15:00,4.53701,4.54141,4.51895,4.53461,64184.22182984
2025-05-27,17:30:00,4.53461,4.55801,4.53091,4.54955,147995.261436
2025-05-27,17:45:00,4.54541,4.56826,4.54541,4.56186,106365.63648
2025-05-27,18:00:00,4.56186,4.58742,4.56186,4.58282,141686.133333
2025-05-27,18:15:00,4.58212,4.59896,4.58046,4.58846,60615.9357131
2025-05-27,18:30:00,4.59176,4.61052,4.57752,4.59816,86663.4347302
2025-05-27,18:45:00,4.59806,4.60222,4.58396,4.59892,60021.218097
2025-05-27,19:00:00,4.59842,4.61335,4.59052,4.5962,78403.341281
2025-05-27,19:15:00,4.59302,4.613,4.5822,4.6005,93806.560483635
2025-05-27,19:30:00,4.6005,4.60732,4.58332,4.58442,68680.562584
2025-05-27,19:45:00,4.58342,4.5936,4.5748,4.5829,125957.0548788
2025-05-27,20:00:00,4.5829,4.61542,4.5829,4.5999,185975.397201
2025-05-27,20:15:00,4.60082,4.60282,4.5898,4.59732,53927.0624868
2025-05-27,20:30:00,4.5996,4.60042,4.5802,4.5817,62712.043373
2025-05-27,20:45:00,4.583,4.58442,4.56941,4.5742,59356.251447
2025-05-27,21:00:00,4.56991,4.57652,4.56531,4.57622,30985.825352
2025-05-27,21:15:00,4.57501,4.57602,4.557,4.5615,82824.044059
2025-05-27,21:30:00,4.5604,4.5672,4.5578,4.56681,25655.429844
2025-05-27,21:45:00,4.56741,4.57111,4.55481,4.55501,43705.9765228
2025-05-27,22:00:00,4.55531,4.57231,4.54985,4.55286,53781.1383917
2025-05-27,22:15:00,4.55286,4.56246,4.54985,4.55536,36647.931091
2025-05-27,22:30:00,4.55706,4.56626,4.55226,4.56481,134371.135719
2025-05-27,22:45:00,4.56481,4.57996,4.56127,4.56127,80077.28858
2025-05-27,23:00:00,4.56127,4.58387,4.55947,4.58327,121207.58716266
2025-05-27,23:15:00,4.58217,4.58256,4.56871,4.57676,150593.005881
2025-05-27,23:30:00,4.57956,4.58762,4.56711,4.56711,72741.808687577
2025-05-27,23:45:00,4.56771,4.57391,4.54405,4.54405,74940.32103
2025-05-27,23:59:00,4.54225,4.54551,4.53565,4.53911,46138.880558
2025-05-28,23:59:00,4.53971,4.53971,4.5097,4.5097,285.28284
2025-05-29,23:59:00,4.5124,4.5124,4.5124,4.5124,65.616876
2025-05-30,00:15:00,4.44761,4.46601,4.44486,4.44656,38668.977618394
2025-05-30,00:30:00,4.45035,4.45905,4.44526,4.45425,105363.57317734
2025-05-30,00:45:00,4.45255,4.45625,4.43271,4.43806,77762.5490651
2025-05-30,01:00:00,4.43686,4.44011,4.42136,4.42636,122675.75850779
2025-05-30,01:15:00,4.42636,4.42906,4.40666,4.41626,72354.044313
2025-05-30,01:30:00,4.41096,4.41796,4.38312,4.38482,193537.97010699
2025-05-30,01:45:00,4.38762,4.39016,4.37396,4.37906,108155.931011
2025-05-30,02:00:00,4.37906,4.38956,4.33303,4.34013,544528.858769
2025-05-30,02:15:00,4.34013,4.34507,4.32167,4.33253,350484.544278
2025-05-30,02:30:00,4.33243,4.35586,4.33243,4.34957,152993.140341
2025-05-30,02:45:00,4.35456,4.35456,4.29554,4.32017,429421.027876
2025-05-30,03:00:00,4.32017,4.32453,4.12517,4.14347,1360008.466828
2025-05-30,03:15:00,4.14347,4.22595,4.12757,4.21896,582892.103138
2025-05-30,03:30:00,4.21896,4.22665,4.19436,4.22396,476702.465101
2025-05-30,03:45:00,4.22396,4.23675,4.20336,4.22226,337666.291847
2025-05-30,04:00:00,4.22226,4.23355,4.19456,4.19546,204559.438724
2025-05-30,04:15:00,4.19606,4.22905,4.19314,4.22723,187024.893914
2025-05-30,04:30:00,4.22723,4.22723,4.21693,4.22555,106674.2867621
2025-05-30,04:45:00,4.22555,4.22555,4.22513,4.22555,77109.181973
2025-05-30,05:00:00,4.22555,4.22555,4.19874,4.20316,89772.2332824
2025-05-30,05:15:00,4.20216,4.21973,4.19258,4.21274,70343.388259
2025-05-30,05:30:00,4.21474,4.22873,4.20758,4.22873,100900.384172
2025-05-30,05:45:00,4.22773,4.22815,4.20374,4.20716,53836.90987973
2025-05-30,06:00:00,4.20716,4.21516,4.19916,4.21016,51937.035989
2025-05-30,06:15:00,4.21216,4.21446,4.18334,4.19428,320339.410688
2025-05-30,06:30:00,4.19298,4.2008,4.1828,4.1934,162814.026797
2025-05-30,06:45:00,4.1934,4.2086,4.18524,4.1997,191639.526951
2025-05-30,07:00:00,4.2006,4.2216,4.19744,4.2085,136388.6549471
2025-05-30,07:15:00,4.20724,4.21843,4.19954,4.2035,170512.3115151
2025-05-30,07:30:00,4.2035,4.21024,4.18095,4.2074,254942.559018
2025-05-30,07:45:00,4.20614,4.2238,4.20554,4.2159,186582.338641
2025-05-30,08:00:00,4.2132,4.21653,4.19066,4.19756,107511.569039
2025-05-30,08:15:00,4.19756,4.21836,4.18458,4.19256,294765.445517
2025-05-30,08:30:00,4.19206,4.19748,4.17466,4.17696,280635.302604
2025-05-30,08:45:00,4.17666,4.18612,4.16662,4.16942,147604.85886395
2025-05-30,09:00:00,4.16752,4.17182,4.14267,4.16848,194572.605089
2025-05-30,09:15:00,4.16908,4.19738,4.15977,4.16818,240643.794459
2025-05-30,09:30:00,4.16818,4.2083,4.16818,4.19618,154694.6301254
2025-05-30,09:45:00,4.19618,4.2024,4.1846,4.1997,184237.946407
2025-05-30,10:00:00,4.1997,4.21328,4.18328,4.1986,210814.713185
2025-05-30,10:15:00,4.19818,4.19818,4.16418,4.1886,181963.420557
2025-05-30,10:30:00,4.1901,4.1951,4.1659,4.1944,118410.291438
2025-05-30,10:45:00,4.1944,4.211,4.1735,4.18098,170693.01005
2025-05-30,11:00:00,4.18098,4.2006,4.17228,4.1932,102634.5207048
2025-05-30,11:15:00,4.1936,4.2015,4.18308,4.19098,178893.919305
2025-05-30,11:30:00,4.19068,4.2144,4.18858,4.2118,226406.113835
2025-05-30,11:45:00,4.2118,4.2139,4.16418,4.16492,323602.808446
2025-05-30,12:00:00,4.16492,4.21108,4.16218,4.2096,177819.977194
2025-05-30,12:15:00,4.2088,4.2163,4.1913,4.1944,138186.917268
2025-05-30,12:30:00,4.1944,4.20498,4.18168,4.20068,94778.323781
2025-05-30,12:45:00,4.20068,4.20736,4.19566,4.19998,119932.1882354
2025-05-30,13:00:00,4.19998,4.21098,4.19428,4.20338,183744.608296
2025-05-30,13:15:00,4.19818,4.22038,4.19818,4.21668,414643.7487604
2025-05-30,13:30:00,4.21668,4.22048,4.19176,4.19176,178596.392045
2025-05-30,13:45:00,4.19588,4.21396,4.18676,4.20938,119570.241688
2025-05-30,14:00:00,4.21028,4.22518,4.19988,4.22418,108603.732313
2025-05-30,14:15:00,4.22418,4.22418,4.16958,4.17566,268700.573126
2025-05-30,14:30:00,4.17566,4.18278,4.15948,4.18248,137901.835114
2025-05-30,14:45:00,4.18248,4.21118,4.18028,4.21048,62869.312517
2025-05-30,15:00:00,4.20818,4.21678,4.19576,4.19836,90259.2638777
2025-05-30,15:15:00,4.19736,4.21156,4.18334,4.18454,76443.3304881
2025-05-30,15:30:00,4.18338,4.18598,4.16595,4.17695,80395.338548
2025-05-30,15:45:00,4.17715,4.19598,4.16695,4.18688,85014.251848
2025-05-30,16:00:00,4.18678,4.19398,4.15817,4.16097,85488.391049
2025-05-30,16:15:00,4.16117,4.18636,4.15965,4.17077,138237.0832819
2025-05-30,16:30:00,4.16917,4.18654,4.15817,4.16227,74247.8242131
2025-05-30,16:45:00,4.16407,4.20356,4.16005,4.19426,134487.939745
2025-05-30,17:00:00,4.19536,4.19686,4.17357,4.18818,118883.747739
2025-05-30,17:15:00,4.19878,4.20806,4.18648,4.20456,85723.716104
2025-05-30,17:30:00,4.20456,4.20676,4.18025,4.19556,48170.975558
2025-05-30,17:45:00,4.19886,4.20764,4.18936,4.19166,214126.477914
2025-05-30,18:00:00,4.19056,4.19184,4.18214,4.18856,24821.67916
2025-05-30,18:15:00,4.18856,4.19348,4.16615,4.19098,68967.584207
2025-05-30,18:30:00,4.18928,4.18998,4.13637,4.14377,299752.634285
2025-05-30,18:45:00,4.14377,4.14377,4.0459,4.1142,636734.332055
2025-05-30,19:00:00,4.1142,4.1142,4.08487,4.1026,183230.748284
2025-05-30,19:15:00,4.1006,4.1327,4.09217,4.1276,257907.278403
2025-05-30,19:30:00,4.1276,4.1318,4.10877,4.1143,224578.115377
2025-05-30,19:45:00,4.1126,4.12936,4.10617,4.12268,354492.69151591
2025-05-30,20:00:00,4.12298,4.13166,4.10937,4.13166,110633.885236
2025-05-30,20:15:00,4.13216,4.15327,4.12906,4.15217,104932.718704
2025-05-30,20:30:00,4.15175,4.17357,4.14136,4.16987,184203.58312
2025-05-30,20:45:00,4.17047,4.18266,4.16375,4.18264,148246.340715
2025-05-30,21:00:00,4.18264,4.18344,4.16727,4.17666,128229.68316
2025-05-30,21:15:00,4.17666,4.18746,4.17407,4.17956,211890.184958
2025-05-30,21:30:00,4.17956,4.19474,4.17505,4.18704,93785.682572
2025-05-30,21:45:00,4.18704,4.19134,4.17955,4.18754,61550.0350984
2025-05-30,22:00:00,4.18105,4.19166,4.17495,4.18394,93375.132419
2025-05-30,22:15:00,4.18534,4.18916,4.15687,4.16037,90133.359986
2025-05-30,22:30:00,4.16097,4.17368,4.15525,4.17368,86012.257504
2025-05-30,22:45:00,4.17358,4.17508,4.15368,4.15725,52446.029642
2025-05-30,23:00:00,4.15725,4.18386,4.15527,4.16997,149423.501433
2025-05-30,23:15:00,4.16917,4.16957,4.14736,4.15227,72149.995696
2025-05-30,23:30:00,4.15237,4.16727,4.15125,4.15887,117458.638674
2025-05-30,23:45:00,4.15887,4.16615,4.14357,4.14357,125796.400142
2025-05-30,23:59:00,4.14237,4.14867,4.12757,4.13166,132024.07761142
2025-05-31,00:15:00,4.13276,4.13779,4.11846,4.12409,91715.2003865
2025-05-31,00:30:00,4.12359,4.13199,4.09929,4.0996,233278.914565
2025-05-31,00:45:00,4.0967,4.1044,4.06018,4.06479,216042.223726
2025-05-31,01:00:00,4.06369,4.09228,4.04639,4.04709,218913.828318
2025-05-31,01:15:00,4.04709,4.06919,4.0241,4.06469,250426.502723
2025-05-31,01:30:00,4.06469,4.06469,4.0074,4.03519,330822.373573
2025-05-31,01:45:00,4.03539,4.06218,4.02289,4.04259,142644.095448
2025-05-31,02:00:00,4.04259,4.05949,4.03929,4.05119,83074.257622
2025-05-31,02:15:00,4.04979,4.05869,4.01669,4.0226,184141.913126
2025-05-31,02:30:00,4.0219,4.0219,3.9634,3.97761,497373.935458
2025-05-31,02:45:00,3.97761,4.0389,3.97541,4.0308,266898.888667
2025-05-31,03:00:00,4.0308,4.0401,3.9809,3.9822,177180.29363
2025-05-31,03:15:00,3.9822,4.0018,3.97011,4.001,282323.622379
2025-05-31,03:30:00,4.0059,4.01999,3.96451,3.96451,227671.333951
2025-05-31,03:45:00,3.97421,3.9853,3.91552,3.95911,529084.328221
2025-05-31,04:00:00,3.95511,3.9683,3.9426,3.9547,213206.436532
2025-05-31,04:15:00,3.9547,3.9954,3.9383,3.9939,332823.210122
2025-05-31,04:30:00,3.9939,4.0051,3.9812,3.994,176252.705203
2025-05-31,04:45:00,3.9919,3.9956,3.96111,3.9627,103286.094093
2025-05-31,05:00:00,3.9606,3.9719,3.93891,3.94211,69547.614473
2025-05-31,05:15:00,3.94461,3.9542,3.91621,3.92921,88685.231474
2025-05-31,05:30:00,3.93041,3.9449,3.8988,3.9434,199411.766694
2025-05-31,05:45:00,3.9443,3.95601,3.93041,3.94762,55224.460713
2025-05-31,06:00:00,3.94971,3.96721,3.94661,3.9581,89600.408719
2025-05-31,06:15:00,3.9605,3.9605,3.9341,3.9449,117672.670217
2025-05-31,06:30:00,3.9453,3.977,3.92662,3.9766,207799.578786
2025-05-31,06:45:00,3.9765,3.9884,3.9631,3.981,197327.450886
2025-05-31,07:00:00,3.9848,3.9878,3.9742,3.9771,66453.861203
2025-05-31,07:15:00,3.9771,3.9934,3.9754,3.985,127425.498086
2025-05-31,07:30:00,3.9852,3.9852,3.9664,3.9717,81408.22322
2025-05-31,07:45:00,3.9698,3.9887,3.965,3.9821,109087.8248653
2025-05-31,08:00:00,3.9821,3.9956,3.9673,3.9687,127997.97913
2025-05-31,08:15:00,3.9687,3.9868,3.9604,3.9806,107139.112568
2025-05-31,08:30:00,3.9831,3.9956,3.9735,3.995,68485.001774
2025-05-31,08:45:00,3.9926,4.0069,3.9849,4.0004,73248.80916
2025-05-31,09:00:00,4.0004,4.0073,3.9916,3.9916,83359.62383
2025-05-31,09:15:00,3.9907,4.0009,3.9906,3.9948,97914.832147
2025-05-31,09:30:00,3.9948,4.0015,3.9858,4.0015,94658.922438852
2025-05-31,09:45:00,4.002,4.0086,3.9998,4.0003,234531.14127908
2025-05-31,10:00:00,4.0003,4.0048,3.9905,3.9997,467087.247445
2025-05-31,10:15:00,4.0019,4.004,3.9826,3.9902,84046.781055
2025-05-31,10:30:00,3.9916,4.0072,3.982,4.0067,112850.72318
2025-05-31,10:45:00,4.0067,4.0089,3.9765,3.977,83141.1447317
2025-05-31,11:00:00,3.9734,4.0026,3.9689,3.9969,129962.780806
2025-05-31,11:15:00,3.9969,4.0043,3.9887,3.9953,51352.8002989
2025-05-31,11:30:00,3.9964,3.9969,3.97779,3.97779,86629.159077
2025-05-31,11:45:00,3.97679,3.98429,3.9686,3.9814,63501.760484
2025-05-31,12:00:00,3.98349,3.98349,3.9713,3.9775,58373.0378856
2025-05-31,12:15:00,3.9772,3.9913,3.9734,3.9872,88975.227913
2025-05-31,12:30:00,3.992,4.0151,3.992,4.0006,139083.109985
2025-05-31,12:45:00,4.0002,4.0007,3.97569,3.97869,90680.705471
2025-05-31,13:00:00,3.97989,3.9886,3.96629,3.9863,100676.36838693
2025-05-31,13:15:00,3.9863,3.9907,3.97139,3.97139,70839.382288
2025-05-31,13:30:00,3.97139,3.98359,3.97039,3.98359,36532.48102
2025-05-31,13:45:00,3.98359,3.9859,3.96639,3.96889,54393.3579348
2025-05-31,14:00:00,3.96759,3.9862,3.96759,3.97769,52031.413782
2025-05-31,14:15:00,3.97769,4.0002,3.97559,3.9993,95906.1527222
2025-05-31,14:30:00,3.9988,4.0177,3.9973,4.0085,83596.72729238
2025-05-31,14:45:00,4.0095,4.02841,4.0029,4.02311,130875.76716
2025-05-31,15:00:00,4.02211,4.05572,4.02211,4.05121,164597.8207706
2025-05-31,15:15:00,4.05121,4.08462,4.05121,4.08232,205856.57355651
2025-05-31,15:30:00,4.07782,4.07922,4.05041,4.06462,114616.59731798
2025-05-31,15:45:00,4.06462,4.07482,4.06012,4.06402,122228.1751827
2025-05-31,16:00:00,4.06402,4.06412,4.04751,4.05202,96097.19926
2025-05-31,16:15:00,4.05372,4.08002,4.05071,4.08002,175529.8509871
2025-05-31,16:30:00,4.08002,4.09082,4.07492,4.08172,131541.25634861
2025-05-31,16:45:00,4.08212,4.09223,4.07892,4.07982,94392.054296
2025-05-31,17:00:00,4.07982,4.09632,4.07972,4.09212,86890.123037
2025-05-31,17:15:00,4.09242,4.09662,4.08312,4.09263,40349.72389303
2025-05-31,17:30:00,4.09213,4.11432,4.09042,4.11122,64611.3174681
2025-05-31,17:45:00,4.11122,4.12274,4.08583,4.08623,114695.266506
2025-05-31,18:00:00,4.08623,4.08842,4.07121,4.08022,28078.248999
2025-05-31,18:15:00,4.07902,4.09852,4.07231,4.08952,130702.087693
2025-05-31,18:30:00,4.08952,4.10913,4.08682,4.10732,67549.324646
2025-05-31,18:45:00,4.10512,4.11693,4.09632,4.10562,68108.671136
2025-05-31,19:00:00,4.10772,4.10922,4.09022,4.09883,101264.4659
2025-05-31,19:15:00,4.09883,4.10822,4.09883,4.10213,79420.02638372
2025-05-31,19:30:00,4.10103,4.10653,4.09342,4.09632,125836.0431017
2025-05-31,19:45:00,4.09632,4.09663,4.08312,4.09032,355961.5623122
2025-05-31,20:00:00,4.09232,4.09723,4.07072,4.07632,138953.48381391
2025-05-31,20:15:00,4.07462,4.08912,4.06962,4.07892,126211.60864861
2025-05-31,20:30:00,4.07892,4.09812,4.07892,4.09812,48087.383929
2025-05-31,20:45:00,4.09882,4.10063,4.09032,4.09813,62927.377913
2025-05-31,21:00:00,4.08513,4.09653,4.07952,4.08142,18852.955605
2025-05-31,21:15:00,4.08052,4.10542,4.07692,4.10542,67105.618318
2025-05-31,21:30:00,4.10663,4.11073,4.10022,4.10892,33504.425327661
2025-05-31,21:45:00,4.10832,4.11063,4.10262,4.10602,54559.657961
2025-05-31,22:00:00,4.10522,4.10783,4.09953,4.10203,45897.7202
2025-05-31,22:15:00,4.10103,4.10103,4.09022,4.09132,42913.819247715
2025-05-31,22:30:00,4.09132,4.09673,4.08473,4.08632,38581.1756854
2025-05-31,22:45:00,4.08832,4.10133,4.08582,4.08913,79242.425206
2025-05-31,23:00:00,4.09483,4.09642,4.08983,4.09532,66126.6382731
2025-05-31,23:15:00,4.09813,4.11542,4.09593,4.11382,135547.9964184
2025-05-31,23:30:00,4.11322,4.11682,4.10283,4.10483,124830.99546521
2025-05-31,23:45:00,4.10483,4.11892,4.10443,4.10853,85960.82239536
2025-05-31,23:59:00,4.10363,4.11403,4.10363,4.11162,103199.0678394
2025-06-01,00:15:00,4.11272,4.11272,4.08592,4.08832,64680.214647
2025-06-01,00:30:00,4.08832,4.09483,4.08562,4.08943,54894.953894
2025-06-01,00:45:00,4.08833,4.09393,4.08262,4.08422,31925.5692687
2025-06-01,01:00:00,4.08272,4.09363,4.08272,4.08963,40239.64417839
2025-06-01,01:15:00,4.08963,4.08963,4.07071,4.07361,107309.35345906
2025-06-01,01:30:00,4.07381,4.09773,4.07311,4.08793,178269.784005
2025-06-01,01:45:00,4.08793,4.08873,4.07622,4.08012,26239.386568
2025-06-01,02:00:00,4.07842,4.08082,4.07312,4.07882,82386.4373268
2025-06-01,02:15:00,4.07882,4.08392,4.06662,4.06662,80522.6508187
2025-06-01,02:30:00,4.06662,4.06842,4.05051,4.05612,62774.752702
2025-06-01,02:45:00,4.05612,4.06172,4.04961,4.06031,57877.143028896
2025-06-01,03:00:00,4.06031,4.07532,4.05901,4.07341,51173.63050417
2025-06-01,03:15:00,4.07221,4.07321,4.06482,4.06531,52186.4625807
2025-06-01,03:30:00,4.06531,4.08773,4.06531,4.07672,40550.4591109
2025-06-01,03:45:00,4.08182,4.08272,4.06552,4.07132,42479.4450802
2025-06-01,04:00:00,4.07172,4.07172,4.04381,4.04381,91511.15228815
2025-06-01,04:15:00,4.04381,4.05241,4.03061,4.03061,60748.5557805
2025-06-01,04:30:00,4.02841,4.05641,4.02841,4.04791,66256.0824861
2025-06-01,04:45:00,4.04871,4.06441,4.04261,4.06201,32756.5488409
2025-06-01,05:00:00,4.06201,4.07251,4.05741,4.07132,28168.6560702
2025-06-01,05:15:00,4.07142,4.07352,4.05462,4.06421,36447.596545
2025-06-01,05:30:00,4.06571,4.06592,4.05301,4.05691,94161.0849198
2025-06-01,05:45:00,4.05821,4.07562,4.04701,4.07121,64632.614985
2025-06-01,06:00:00,4.06941,4.08302,4.06941,4.07942,49381.3367829
2025-06-01,06:15:00,4.07972,4.08012,4.06721,4.06871,19353.3923069
2025-06-01,06:30:00,4.06531,4.08152,4.06121,4.08072,35655.034
2025-06-01,06:45:00,4.07932,4.09342,4.07812,4.08932,78493.8751639
2025-06-01,07:00:00,4.08932,4.10222,4.08842,4.09402,121381.2346936
2025-06-01,07:15:00,4.09302,4.09522,4.08542,4.09132,268673.9367399
2025-06-01,07:30:00,4.08862,4.09083,4.07792,4.08312,55922.178251
2025-06-01,07:45:00,4.08282,4.08392,4.07441,4.07762,58122.504137
2025-06-01,08:00:00,4.07732,4.08663,4.07141,4.07171,74116.026871
2025-06-01,08:15:00,4.07091,4.08112,4.07091,4.07131,35011.1310483
2025-06-01,08:30:00,4.07171,4.07171,4.05621,4.05621,72782.9342255
2025-06-01,08:45:00,4.05531,4.06872,4.05261,4.06691,67664.262541
2025-06-01,09:00:00,4.06691,4.06931,4.05041,4.05181,18138.296571
2025-06-01,09:15:00,4.05222,4.05721,4.04441,4.04441,88455.710311566
2025-06-01,09:30:00,4.04391,4.05682,4.04231,4.05081,59070.9895066
2025-06-01,09:45:00,4.04831,4.05482,4.03891,4.045,63569.46207083
2025-06-01,10:00:00,4.0408,4.04771,4.0377,4.04351,32406.0766462
2025-06-01,10:15:00,4.04391,4.04911,4.03121,4.03731,111694.824881
2025-06-01,10:30:00,4.03681,4.04121,4.028,4.03191,79739.372352
2025-06-01,10:45:00,4.03151,4.0385,4.0243,4.03001,30642.188448
2025-06-01,11:00:00,4.02721,4.03761,4.0209,4.0315,107583.131236
2025-06-01,11:15:00,4.0315,4.03521,4.0145,4.0149,123747.01836
2025-06-01,11:30:00,4.0132,4.0204,3.9996,4.0057,99169.656819
2025-06-01,11:45:00,4.0057,4.0067,3.9879,3.9885,106648.331569
2025-06-01,12:00:00,3.9854,3.9953,3.97319,3.9845,60382.70465857
2025-06-01,12:15:00,3.9847,4.0033,3.9843,3.993,44047.79286
2025-06-01,12:30:00,3.992,4.0086,3.987,4.0004,57839.215915
2025-06-01,12:45:00,4.0024,4.0084,3.9871,3.9873,58080.754759142
2025-06-01,13:00:00,3.9867,4.0019,3.9853,3.9954,30725.556876
2025-06-01,13:15:00,3.9949,4.0121,3.9919,4.0027,44971.945808
2025-06-01,13:30:00,4.005,4.0155,4.0006,4.0155,66605.6719964
2025-06-01,13:45:00,4.0155,4.02761,4.0118,4.02761,41523.972757
2025-06-01,14:00:00,4.02761,4.0363,4.0219,4.03331,48253.008444
2025-06-01,14:15:00,4.03221,4.03481,4.017,4.019,49795.475298808
2025-06-01,14:30:00,4.019,4.03331,4.0169,4.0222,51445.2846178
2025-06-01,14:45:00,4.0228,4.0229,3.9925,3.9969,161031.217463
2025-06-01,15:00:00,3.9969,4.0071,3.992,4.0023,78680.739922
2025-06-01,15:15:00,4.0014,4.0098,3.9962,4.0075,34097.1913222
2025-06-01,15:30:00,4.0085,4.02721,4.0085,4.02581,98960.385543
2025-06-01,15:45:00,4.0253,4.0292,4.0107,4.0176,60976.380008049
2025-06-01,16:00:00,4.0189,4.03021,4.017,4.0233,43796.215668
2025-06-01,16:15:00,4.0233,4.04391,4.0147,4.03921,39051.4327782
2025-06-01,16:30:00,4.03921,4.06161,4.0339,4.05821,87368.466069
2025-06-01,16:45:00,4.05961,4.06691,4.05341,4.05851,45698.118691
2025-06-01,17:00:00,4.05851,4.06221,4.04441,4.04711,25395.788432106
2025-06-01,17:15:00,4.04861,4.05202,4.03631,4.03731,23999.947172
2025-06-01,17:30:00,4.03961,4.05622,4.0349,4.05472,18422.2184852
2025-06-01,17:45:00,4.05472,4.05672,4.0444,4.0503,11161.121804
2025-06-01,18:00:00,4.0494,4.05282,4.04,4.04821,34826.6341069
2025-06-01,18:15:00,4.05132,4.05272,4.04841,4.04941,79002.329876
2025-06-01,18:30:00,4.04941,4.04981,4.04941,4.04981,59613.990227
2025-06-01,18:45:00,4.04981,4.04981,4.04941,4.04941,48098.308741
2025-06-01,19:00:00,4.04941,4.04981,4.04941,4.04981,37968.932932
2025-06-01,19:15:00,4.04981,4.04981,4.04941,4.04981,24134.4441558
2025-06-01,19:30:00,4.04981,4.04981,4.04941,4.04941,25173.30873917
2025-06-01,19:45:00,4.04941,4.05765,4.04941,4.05722,9209.63859
2025-06-01,20:00:00,4.05722,4.06522,4.05322,4.05722,42086.0416275
2025-06-01,20:15:00,4.05822,4.06262,4.0395,4.0419,70026.35266
2025-06-01,20:30:00,4.0414,4.0481,4.0233,4.0289,52416.0122615
2025-06-01,20:45:00,4.028,4.03151,4.0013,4.0013,122816.297104
2025-06-01,21:00:00,4.0053,4.0141,3.9948,4.0141,151700.8263882
2025-06-01,21:15:00,4.0234,4.03321,4.0179,4.03231,113210.815373
2025-06-01,21:30:00,4.03231,4.03581,4.0257,4.0346,61948.953641
2025-06-01,21:45:00,4.0343,4.03941,4.02831,4.0335,54786.78229815
2025-06-01,22:00:00,4.0329,4.0353,4.0264,4.0322,83449.35477902
2025-06-01,22:15:00,4.0318,4.04311,4.03131,4.03351,49420.68241
2025-06-01,22:30:00,4.03001,4.03711,4.0239,4.035,62553.49815941
2025-06-01,22:45:00,4.0388,4.0488,4.0343,4.0454,43006.32895768
2025-06-01,23:00:00,4.0447,4.05061,4.03501,4.03501,72351.236474693
2025-06-01,23:15:00,4.03501,4.03811,4.02791,4.03351,42203.52995111
2025-06-01,23:30:00,4.03241,4.05241,4.03131,4.05241,36526.2944628
2025-06-01,23:45:00,4.05241,4.06951,4.0487,4.05721,100200.107456
2025-06-01,23:59:00,4.05721,4.06031,4.05711,4.05761,33976.014466
2025-06-02,00:15:00,4.06021,4.07881,4.05791,4.07651,45932.22752
2025-06-02,00:30:00,4.07651,4.08131,4.06571,4.07291,97000.10371229
2025-06-02,00:45:00,4.07291,4.07291,4.05681,4.05891,95238.155912
2025-06-02,01:00:00,4.05891,4.06201,4.05191,4.05331,44978.286457
2025-06-02,01:15:00,4.05241,4.07531,4.05241,4.07131,269475.122792
2025-06-02,01:30:00,4.07241,4.08132,4.06881,4.08132,96040.697051
2025-06-02,01:45:00,4.07972,4.08052,4.06191,4.06901,75429.4603812
2025-06-02,02:00:00,4.07081,4.07421,4.06741,4.07351,95688.970801
